1.7530401412687753,-0.8882694862428842,3.0731497368996474,0.7890226801901974,-1.5571720656479682,0.0
1.9194924349296785,-0.3834733283248078,3.6844512077522658,0.14705179353650583,-0.7360741527167733,0.0
-1.1926763996408027,-1.6694841788180805,1.4224769942601478,2.7871774233238806,1.9911543796500304,0.0
-0.5969884533680899,1.8514905369850152,0.35639521345482406,3.42801720854506,-1.1053184721003386,0.0
0.9654345919336812,-1.6982807454681241,0.9320639513021536,2.8841574904277674,-1.6395789784898462,0.0
0.7074002034850152,-1.8454052701532053,0.500415047890641,3.4055206111092247,-1.305440063618697,0.0
-0.5436609049735219,1.947680138468952,0.2955671795966288,3.7934579217864357,-1.0588775466789848,0.0
-1.91625408632226,0.5239220331451994,3.672029723346759,0.2744942968149994,-1.0039677369287547,0.0
1.252135993545585,-1.60281585597278,1.5678445463323891,2.5690186681577556,-2.0069434242890942,0.0
-0.8531569743906404,1.84013339488298,0.7278768229513919,3.386090910963561,-1.5699226396535406,0.0
-1.847548063222503,-0.5429071197628219,3.413433845917222,0.29474814068916305,1.0030469976275092,0.0
0.239880496985216,-1.9565688390268314,0.05754265283387422,3.828161621850803,-0.4693427054915434,0.0
-1.9677574346877804,0.5867260119257789,3.8720693217690343,0.34424741307032924,-1.1545344720916628,0.0
-0.13326438672982435,1.9266729442166806,0.017759396770476187,3.7120686339765725,-0.256756888339981,0.0
2.029976258881172,0.5817161243389407,4.1208036116211995,0.3383936493159179,1.1808699218164176,0.0
-0.10705995423756297,-2.05697642324976,0.011461833801349077,4.231152005805375,0.22021980174086525,0.0
-1.8922769796499423,-0.8268515300357312,3.5807121677131084,0.6836834527224297,1.564632115874947,0.0
0.40831514756400805,-1.9518035248821897,0.16672125973021767,3.8095369997425403,-0.7969509442782223,0.0
-1.981878081245283,0.46597215898658206,3.9278407289204846,0.21713005295061652,-0.9235000083660492,0.0
-1.2288470158255962,1.6570313947363968,1.5100649883034731,2.7457530431420487,-2.036238084551147,0.0
1.4767591469239427,-1.3657000151596608,2.180817578023531,1.8651365314070976,-2.0168099893411964,0.0
0.5249478843311814,-1.8761514098947147,0.27557028126378347,3.519944112849926,-0.9848817133091937,0.0
0.5599505451093555,1.8753779912401063,0.31354461296826436,3.5170426100277763,1.0501189284809855,0.0
-0.040494499828253205,1.9816645277431348,0.001639804516340399,3.9269943005154215,-0.08024651387834984,0.0
-0.8978424565023619,-1.7800353211070497,0.8061210766981957,3.168525744388677,1.5981912853637241,0.0
-1.1752260772309708,1.621860953077647,1.3811563326036957,2.6304329511179336,-1.906053285699527,0.0
-1.9007169368120076,-0.5625149075768467,3.612724873884021,0.31642302124618843,1.0691816120405537,0.0
-1.796923237185889,0.874688145683658,3.2289331203386147,0.7650793521995162,-1.5717474542700012,0.0
-0.8057208488829046,1.7736408617509665,0.6491860863245884,3.1458019064727107,-1.429059420743395,0.0
-1.4993695247924685,1.1832124354910043,2.248108971876393,1.399991667500554,-1.7740726671306866,0.0
1.3076303832691607,-1.5986898907775884,1.7098972192486521,2.5558093668744575,-2.0904954746060307,0.0
0.8591160974817552,-1.7062326005309332,0.7380804689522807,2.911229687114551,-1.4658518931642819,0.0
1.928932161752489,-0.5730894900794449,3.7207792846431307,0.32843156363951814,-1.1054507489765752,0.0
-1.4875880447131054,-1.3205891433371053,2.21291819077336,1.7439556854998297,1.9644926216061993,0.0
-2.04054321817935,0.029198480486827355,4.163816625257739,0.0008525512627396378,-0.05958076133853765,0.0
0.39391803725100216,-2.020365048143336,0.15517142007168191,4.081874927759224,-0.7958582342951493,0.0
-1.9494977531554918,0.482636269141681,3.8005414895583107,0.23293776829100116,-0.9408983222830564,0.0
1.4279015195440852,1.5170503220220877,2.0389027495163075,2.30144167954732,2.166198460040183,0.0
1.499552817904318,1.2436249093290035,2.248658653684781,1.546602915103572,1.8648812372003092,0.0
1.2014932023046891,1.6080645614582882,1.4435859151843766,2.5858716338180368,1.9320786394592044,0.0
-1.9094813416027878,0.16723717226044282,3.6461189939291825,0.027968271785669026,-0.3193362600537269,0.0
0.31833099860316294,1.9257252590466276,0.10133462467168693,3.708417773330201,0.6130180447476477,0.0
-1.870974089066446,-0.6409845538575023,3.500544041958017,0.4108611982839013,1.1992654917592027,0.0
-1.918202474825518,-0.21154453927848824,3.679500734426742,0.04475109209854785,0.40578525877982013,0.0
1.6115249735723616,1.1572796589361096,2.5970127404474006,1.3392962089872782,1.8649850717828458,0.0
-0.24019416183799341,2.0395472376431605,0.057693235381056175,4.159752934577846,-0.4898873392746937,0.0
-1.522864098382473,-1.398346994118737,2.3191150621422625,1.955374315960907,2.129492434424472,0.0
-0.18039446991923025,1.9867987056353114,0.03254216477744007,3.9473690967141484,-0.3584074993392948,0.0
-1.9788782085643057,-0.4232091660212567,3.915958964330676,0.17910599820440762,0.8374793963041383,0.0
1.8935150604645818,0.23789336117355644,3.585399284206189,0.05659325129045217,0.45045466216666935,0.0
1.5818410284454385,1.261218529529143,2.5022210392733224,1.5906721792276535,1.9950472158448231,0.0
1.1600260664577955,1.5093971368528176,1.3456604748615457,2.2782797167394833,1.7509400233860328,0.0
-1.8496913721888602,0.9528273198335652,3.4213581723499082,0.9078799014212151,-1.762436472681981,0.0
-1.2072356285052697,1.544786350189743,1.4574178627325134,2.386364867732547,-1.8649211203776759,0.0
1.4204820737996722,-1.1581251817895584,2.017769321986217,1.3412539366950975,-1.6450960599480542,0.0
-0.7542446718000725,-1.8585773443110367,0.5688850249387991,3.454309744786266,1.4018220590749282,0.0
-1.104894749310946,-1.648583473634345,1.220792407054898,2.717827469540283,1.8215112238193882,0.0
-0.8267735749901122,1.7459351437384256,0.6835545443019306,3.048289526140917,-1.4434930404894935,0.0
1.160087341760068,-1.7012981184880553,1.3458026405119405,2.8944152879709972,-1.973654411818213,0.0
-0.35533140637743177,-1.9275148826765605,0.12626040835816355,3.7153136229396346,0.6849065740748926,0.0
0.5081994337641996,-1.8386413405127804,0.25826666447825314,3.380601979042634,-0.934396488144044,0.0
-1.6833084412723354,1.1600840514391257,2.833527308458699,1.345795006403416,-1.9527792763728904,0.0
0.45157381983930417,1.9772012746412357,0.20391891476426033,3.9093248804429273,0.892852332180884,0.0
0.27712366000753286,1.940539122254211,0.07679752293597067,3.7656920849991438,0.5377693039468922,0.0
1.5097201011109358,1.4105266877676372,2.279254783698414,1.9895855369047415,2.1295004936762307,0.0
-0.2280926868319984,-2.0118807090105486,0.0520262737862401,4.047663987288788,0.45889527650368195,0.0
-0.892368804905707,-1.7967680580630776,0.7963220839688399,3.228375454475763,1.6033797646664967,0.0
1.5728103562021611,1.1674009437659492,2.473732416576769,1.3628249635056289,1.8361002941952616,0.0
1.826381005822326,0.5235240280684522,3.335667578428571,0.27407740796501756,0.9561543409558154,0.0
0.5118796199320226,1.963952512277165,0.2620207453017519,3.8571094704797884,1.005307265548976,0.0
1.8919224163343376,0.6000133116482407,3.5793704294283586,0.3600159741550888,1.1351786344063075,0.0
-0.8754008436841734,-1.8231630364270008,0.7663266371229626,3.3239234573937217,1.5959984602619959,0.0
1.0552785317462032,-1.7280163685966177,1.1136127795644224,2.9860405701378414,-1.8235385762860445,0.0
-0.8735928918618717,-1.8459942578389548,0.7631645407115879,3.4076947999743936,1.6126474620659421,0.0
-1.7609994819739159,1.0457650769775377,3.1011191755124,1.0936245962258355,-1.8415917588238562,0.0
0.07302625707537486,-1.9630785990103699,0.0053328342224387365,3.8536775858925165,-0.14335628243049797,0.0
-1.1952261097378016,-1.6126400512792067,1.4285654533989594,2.6006079349898026,1.9274694948978153,0.0
-1.8117734772287324,-0.8538131669431389,3.282523132789492,0.7289969240454724,1.546916050376247,0.0
2.017686112368949,0.2474561158352209,4.0710572480465235,0.06123452926425426,0.4992887683414872,0.0
-2.0062260623334973,-0.3332288074933607,4.02494301318617,0.11104143814344725,0.668532318313492,0.0
1.8553935363236431,-0.6523961176174103,3.442485174631554,0.4256206942822699,-1.2104515397499824,0.0
-1.805042778942554,1.0502674707797324,3.258179433812658,1.103061760178056,-1.8957777140892158,0.0
-1.8751241244875625,0.8889453937072873,3.516090482235248,0.790223912993404,-1.6668829530926286,0.0
-1.8475553476674014,-0.2810024625700906,3.4134607626944122,0.07896238397045517,0.5191676024290797,0.0
-1.7597801378859925,-0.9232984660763416,3.096826133698043,0.8524800574589253,1.6248023019417497,0.0
-2.0466861290099225,0.21820186702456998,4.188924110681621,0.04761205477300812,-0.446590734563255,0.0
-1.149312027000777,1.5704493027644884,1.3209181354086348,2.4663110125534677,-1.8049362714622113,0.0
0.032496382761781135,2.0659428339632697,0.0010560148926001861,4.268119793204186,0.06713566909642926,0.0
1.785870122543918,0.8253361983522208,3.1893320945950285,0.6811798403104964,1.473943257691212,0.0
-2.0696925696333004,0.31676918212337873,4.283627332795294,0.10034271474311429,-0.6556148225295747,0.0
1.0983546987601,1.7198567044030293,1.20638304428839,2.9579070836800487,1.8890126924751276,0.0
1.4459109918892898,-1.4116665997670703,2.09065859646627,1.992802588897922,-2.041144253486186,0.0
1.1789251771590448,-1.6694332157478606,1.389864573339485,2.787007261842243,-1.9681368496307403,0.0
-1.0886484713091233,1.6940862320040972,1.1851554940836913,2.86992816146584,-1.8442643867370934,0.0
1.0338768778842071,-1.7014444839881855,1.0689013986235958,2.894913332093823,-1.759084110999011,0.0
-0.6013879245543732,1.909701382580129,0.3616674357998164,3.646959370628456,-1.1484713509884807,0.0
-1.025823745085469,1.685009236593606,1.0523143559811774,2.839256127405767,-1.7285224855860601,0.0
1.5336918144306018,1.3006089093961366,2.3522105816514314,1.691583535200608,1.994733238116367,0.0
1.752162847659742,-0.7322984427723684,3.0700746447190963,0.5362610092868357,-1.2831061248248277,0.0
1.588966896490938,-1.1005321194913191,2.5248157981440436,1.2111709460320552,-1.7487091063967155,0.0
1.3650931256242937,1.4494056853107475,1.8634792416267039,2.100776840611118,1.97857373725847,0.0
-1.7212088777424792,-0.8446456523032668,2.9625600008195248,0.7134262779548111,1.4538115952909703,0.0
-1.3861648118231018,-1.5676717644639526,1.9214528855365753,2.4575947610975226,2.173051436388565,0.0
0.7719767402194827,-1.8615566136337123,0.5959480874398987,3.4653930257634142,-1.4370784063269721,0.0
-1.7485529222192886,0.9749154217445848,3.0574373218016135,0.9504600795554217,-1.704691209608144,0.0
0.9213658932812471,1.7336036624080409,0.8489151093019504,3.0053816583145725,1.597283287010226,0.0
-0.508231525186253,-1.9845070569579502,0.25829928319314494,3.9382682591159046,1.0085890483006212,0.0
1.9246322658863744,0.14727134573189896,3.7042093588909197,0.021688849273684512,0.2834431838361203,0.0
0.20649282425539378,-1.9996102769991968,0.042639286468968945,3.9984412598808046,-0.4129051735076744,0.0
-1.3432695709020652,-1.4728533516085873,1.8043731401114185,2.169296995344649,1.9784390896169357,0.0
1.482683316668099,-1.3197128221213723,2.1983498175259144,1.7416419328715569,-1.9567161841523333,0.0
0.3754148704392841,1.953103389194757,0.14093632494694447,3.814612848884046,0.7332240558090763,0.0
1.8011617061552674,0.6596062956468485,3.244183491720154,0.43508046525695765,1.1880576008580332,0.0
1.946821939993928,-0.31211788972722654,3.790115666041721,0.09741757708777715,-0.60763795558557,0.0
1.2704787433291578,-1.536606503259745,1.6141162372512359,2.3611595458601404,-1.952225899252852,0.0
-1.8967304548249015,0.6254937580133254,3.5975864182602777,0.3912424413136325,-1.1863930601267516,0.0
1.8701582934300116,0.8976186930462147,3.4974920424850535,0.8057193181059945,1.6786890431381862,0.0
1.39115561822608,-1.4715552449411176,1.9353139541219868,2.1654748389137124,-2.047162346529891,0.0
-0.16487769841893035,1.9441480356455483,0.027184655435923747,3.779711584504444,-0.32054665350292255,0.0
1.9754743294428252,0.1869546176955024,3.9024988262875797,0.034952029077671455,0.36932404802826235,0.0
1.6519531377529997,1.2724909663790769,2.728949169331981,1.619233259516357,2.102095444672263,0.0
-0.5951458269812623,1.8731860196029997,0.3541985553732106,3.5088258640361296,-1.1148188427263663,0.0
1.1765174816812385,1.6361218161811888,1.3841933847015633,2.676894597384032,1.9249259188972265,0.0
2.0662121778159945,-0.35322952797867296,4.269232763755115,0.1247710994360361,-0.7298471522737296,0.0
-1.4889197331189563,-1.308754004712595,2.216881971671024,1.712837044851255,1.9486296634150422,0.0
-1.4264605109547204,-1.4787730080052766,2.0347895893132018,2.1867696092049735,2.1094113005852555,0.0
-1.121017981563465,1.6618818461635931,1.2566813149886253,2.7618512706081124,-1.8629994327832762,0.0
0.9044824385945549,-1.7449971456615114,0.8180884817259528,3.045015038366822,-1.5783192736484617,0.0
1.1587713041701093,1.6485811385715237,1.342750935368096,2.717819770453781,1.910328515972768,0.0
-1.7763643373702456,0.7447300594282563,3.1554702590808317,0.5546228614160141,-1.3229119185359781,0.0
1.8546732801306656,-0.722852549794834,3.4398129760306424,0.522515808744893,-1.3406553095788,0.0
0.3053616901662269,2.005856560865499,0.09324576182117475,4.023460542767167,0.6125117496569039,0.0
-1.3107710305036655,1.552963398751517,1.7181206944076413,2.4116953178618634,-2.0355794345160008,0.0
1.2727206024315754,1.5144627563140993,1.619817731853792,2.293597440262499,1.9274879515762646,0.0
-1.050198046084971,-1.7094909134038636,1.1029159360006906,2.922359183010376,1.7953040170567498,0.0
-0.021029389069604363,1.9585493387236312,0.00044223520464079544,3.8359155122147732,-0.041187096056035585,0.0
-0.2424532282419486,1.9641985569629699,0.05878356788494242,3.8580759711754133,-0.476226281043849,0.0
1.9168910257801142,-0.5921948447708345,3.674471204716338,0.3506947341731528,-1.1351729834544604,0.0
0.47887933063327026,1.8591153846650248,0.22932541330776898,3.4563100134981832,0.8902919309784019,0.0
-1.5309070417533988,-1.441262625673894,2.3436763704901424,2.0772379561644074,2.2064391026601573,0.0
-1.7814571863338682,-0.618925502355957,3.1735897067405823,0.38306877746657375,1.102589283977319,0.0
1.9434293885421572,-0.08237342965423922,3.7769177882493428,0.006785381913001896,-0.16008694402505852,0.0
-1.0104614369918872,1.6825534138345823,1.0210323156477095,2.830985990406407,-1.7001553403588976,0.0
-1.882482767759875,-0.4181938130907567,3.5437413709128793,0.17488606530738676,0.7872426467271435,0.0
0.09884617384938782,-2.0050671302883463,0.009770566084663401,4.020294196962744,-0.19819321414017502,0.0
1.4814793287440482,1.2312562860546261,2.1947810014959157,1.5159920419490314,1.8240807361760973,0.0
-0.8689686689054918,-1.900025218359576,0.7551065475393823,3.6100958304023547,1.6510623848847872,0.0
1.3396033702605967,-1.4693720243665456,1.7945371896135494,2.1590541459910404,-1.9683757160080602,0.0
-1.527378024466513,1.311024819085303,2.3328836296232276,1.7187860762576517,-2.0024304982010777,0.0
-2.0788796983826145,-0.32104967103219056,4.32174080034739,0.10307289126987779,0.6674236432812379,0.0
1.7142477502630153,-1.03188959770593,2.9386453492818094,1.064796141853706,-1.7689144213871983,0.0
-1.2068186910691352,-1.6514644727875287,1.4564113531138208,2.72733490487939,1.993018193396625,0.0
-1.986836331993222,0.031526696869522836,3.947518610128281,0.000993932615502781,-0.06263838676810494,0.0
-1.569921794219813,1.1685935550836088,2.4646544399663566,1.3656108969829475,-1.834600490710569,0.0
-0.014805077423294191,-2.037083033086621,0.00021919031750973538,4.149707283689387,0.030159172022526385,0.0
-1.830899234957809,0.8209626163506503,3.3521920085690904,0.673979617445305,-1.5030998262053668,0.0
1.333992636503825,1.5524361683615249,1.7795363542464262,2.4100580568370127,2.0709384172364866,0.0
1.9440494193982678,0.28250685537538095,3.7793281450627423,0.07981012333408641,0.5492072881685397,0.0
1.942692837229672,0.5772958785901117,3.7740554598234723,0.3332705314371289,1.1215085682992203,0.0
1.9917636212029515,0.05875742856570809,3.9671223227474943,0.0034524354116542894,0.11703090869260849,0.0
-1.943606212632342,0.400622850603809,3.7776051097830363,0.16049866842592184,-0.7786530613560417,0.0
1.1652006372407138,-1.6628402333107155,1.3576925250261653,2.7650376415168347,-1.937542499483143,0.0
1.7855549921171718,-0.7749993891403907,3.1882066298745535,0.6006240531679787,-1.3838040281673833,0.0
-1.0417461234821117,1.7164089261725768,1.0852349857900072,2.9460596018448983,-1.7880623451503759,0.0
1.9459419038962844,0.27808949614134726,3.786689893339496,0.07733376786414839,0.5411460035748518,0.0
0.5476169897276318,-1.8210193950534008,0.2998843674383532,3.316111637160654,-0.9972211593547765,0.0
1.3531767187535417,1.35427294839377,1.8310872321766019,1.8340552187511552,1.8325706246041664,0.0
-1.9890466588994082,-0.4919173434535678,3.9563066112788987,0.24198267279041538,0.9784465484509918,0.0
-0.2114335397007146,1.95167518781988,0.04470414171037366,3.8090360387517634,-0.4126495933068142,0.0
-0.7599765176811012,1.8525877511236173,0.5775643074266931,3.4320813756132615,-1.4079231877975893,0.0
-0.4520736264967977,-1.8783289226074382,0.20437056377396617,3.5281195415036195,0.8491429677969675,0.0
-1.9412924093223964,-0.10393783674644079,3.7686162184927547,0.010803073907529777,0.20177373351725594,0.0
-2.006645595392543,-0.4634887692660912,4.026626545508294,0.21482183923579595,0.9300576973617126,0.0
-0.7660188480197814,-1.870142493836507,0.5867848755215529,3.4974329472530297,1.4325643987614822,0.0
-1.5689265715477108,-1.2127477820659254,2.461530586908454,1.4707571829058212,1.9027122198687827,0.0
-1.404972339283709,1.3808438403055183,1.9739472741523376,1.9067297113096917,-1.9400474004995445,0.0
-1.993348165958046,0.3543480724722288,3.973436910728306,0.12556255646478393,-0.7063390803732861,0.0
0.6783495884722094,-1.8431925901952806,0.46015816418041583,3.3973589245507876,-1.2503289350339943,0.0
0.7359217394358165,-1.7303312560870314,0.5415808065742378,2.994046255791724,-1.2733883877797294,0.0
0.1333192307103746,1.9444149871780108,0.01777401727720609,3.780749642362464,0.2592279102722953,0.0
1.9912861433180007,0.39940261486716555,3.965220504570277,0.15952244876272936,0.7953248925899629,0.0
1.9399499908694824,0.5537713569660881,3.7634059670745046,0.30666271579606263,1.0742887388901436,0.0
-2.0209853684251993,-0.2319511667863591,4.084381859388738,0.053801343773553376,0.4687699142643848,0.0
1.9635183473088154,0.052113759465621856,3.855404300218342,0.0027158439256406916,0.10232632285798696,0.0
-1.3764595601728398,1.4229869273568836,1.8946409207912076,2.0248917954285846,-1.9586839601613566,0.0
-1.3491837185609827,-1.5299536456000802,1.820296706430041,2.340758157684976,2.0641885487966483,0.0
1.088953174913381,-1.6185807571074782,1.1858190171539325,2.6198036672786174,-1.7625586543058922,0.0
-0.7042711526899588,1.885140363041109,0.49599785651124323,3.553754188366764,-1.3276499764613292,0.0
1.737685691043408,1.158078471933957,3.0195515608570065,1.3411457471568888,2.012376389785052,0.0
0.3110921969118351,2.028609327383589,0.09677835497943198,4.115255803147697,0.6310845323316008,0.0
0.07849835284611686,-2.0227396366401815,0.006161991399553464,4.091475637635254,-0.15878172971280718,0.0
0.30493187145216955,-1.972916831625827,0.09298344622732245,3.892400824512492,-0.6016052216871483,0.0
-1.5169924649902615,1.3740862554782862,2.3012661388372297,1.888113037494338,-2.0844784958072435,0.0
-1.9762795933209152,-0.6246248258414131,3.905681030976682,0.3901561730574156,1.2344332967920153,0.0
-2.0413326699203065,0.09561655962258224,4.167039069283967,0.009142526474058825,-0.19518520694296,0.0
-0.6013864404702254,1.8755209183920076,0.3616656507814479,3.5175787153259996,-1.1279128491392176,0.0
1.4105441254036877,-1.3904874412989934,1.989634729710854,1.9334553244102215,-1.9613438917719002,0.0
1.9885336976380368,-0.0519937654236709,3.954266266642003,0.002703351642931716,-0.10339135461205701,0.0
-0.6911977854280067,1.8261954167912788,0.4777543785805808,3.334989700309473,-1.2622622278449076,0.0
-1.5403249514240174,1.143394205237339,2.3726009559794017,1.307350308570326,-1.7611986236407071,0.0
0.6617619803380949,1.9051344655554066,0.43792891862099703,3.6295373318470845,1.2607455567363037,0.0
-2.070855320399175,-0.13271736342263202,4.28844175802557,0.017613898553854982,0.27483845815310837,0.0
-1.7518203195301496,-1.1112748446831122,3.0688744319187156,1.2349317804254751,1.946753853498587,0.0
-2.0339096328015143,-0.45368543353614155,4.136788394402791,0.2058304726028767,0.9227551735308894,0.0
1.988086585270506,-0.2558499356226517,3.952488270532541,0.06545918955811501,-0.5086518248537164,0.0
-1.996875843040849,0.10811401318052792,3.987513132520102,0.011688639845999365,-0.21589026121439617,0.0
1.7602952693889466,-1.0007786044010747,3.098639435433104,1.0015578150269628,-1.7616658430328838,0.0
-1.8427765723749692,-0.7766497932366098,3.39582549569404,0.6031849013344687,1.4311920439162882,0.0
1.7874618770818131,0.9969237694430341,3.195019962020839,0.9938570020805078,1.7819632322361223,0.0
-0.590863383434149,1.8013526928877865,0.3491195378832502,3.2448715241740804,-1.0643533468778932,0.0
-1.8800043747573456,-0.6498264535486196,3.534416449106758,0.4222744197315762,1.2216765755044559,0.0
-1.0184178463156968,1.724123355201032,1.0371749096943021,2.972601343949664,-1.755877994186428,0.0
-0.5379706339179541,1.9387080837390207,0.28941240295808535,3.7585890339550256,-1.042968016790943,0.0
-1.449599788027162,1.4482491105089512,2.101339545448393,2.0974254860899686,-2.099381603604302,0.0
1.7190256929920797,1.0905979798568732,2.9550493331669,1.1894039536678929,1.8747659480992238,0.0
-1.1318596784471577,-1.668275886113633,1.2811063316945033,2.7831444321882275,1.8882542080177238,0.0
1.632878859124511,1.1474402081718629,2.666293368575764,1.316619031329488,1.8736308580332628,0.0
1.613783814471093,-1.1772566299950304,2.6042981998488712,1.385933172867256,-1.8998376949647644,0.0
1.8822109902920234,-0.709465592456217,3.5427182119760796,0.503341426879251,-1.3353639353551332,0.0
0.6916907385208744,-1.942537249297784,0.4784360777555526,3.773450964909401,-1.343635024571092,0.0
-0.09519475468732541,-1.9989622744777023,0.009062041319980063,3.9958501747850685,0.19029072334812291,0.0
-1.9443546547354167,-0.49399060641721415,3.7805150233912816,0.244026719228447,0.9604929349828816,0.0
1.3104676812180278,1.5056382294307837,1.7173255435169545,2.266946477923465,1.9730902392753762,0.0
-1.8597958538311294,-1.0179561719180534,3.45884061792746,1.0362347679460575,1.8931906679150041,0.0
0.41234159554810385,-1.9922313127260312,0.17002559141915605,3.9689856034060855,-0.8214798381903451,0.0
1.9355703645744073,-0.3411672185078867,3.7464326362187044,0.11639507098440813,-0.6603531575081468,0.0
0.9250055862419144,1.7362786472425986,0.8556353345787477,3.0146635408705884,1.606067447971958,0.0
-1.8454097830496188,0.8094244258169143,3.405537267375241,0.6551679011090414,-1.493719754041854,0.0
-2.040687463516218,-0.3994113203333166,4.164405323752256,0.15952940281040326,0.8150736741906595,0.0
-0.4667302520193604,-1.9049991258455077,0.21783712815005568,3.629021669472148,0.8891207221025351,0.0
2.0666307058670106,-0.5219829130471033,4.270962474432379,0.2724661615131398,-1.0787459160410535,0.0
-1.3460158139430016,-1.432392068071364,1.8117585713846411,2.051747036673759,1.9280223753905763,0.0
0.4850090486355362,1.846671477088763,0.2352337772583479,3.4101955442931935,0.8956523762452012,0.0
-1.5442650831456426,1.2392279596511124,2.3847546470228185,1.535685935981059,-1.91369646814703,0.0
-1.6550321976952447,1.1837128532928167,2.7391315754079515,1.4011761190506216,-1.9590828850253192,0.0
-1.9133817194876208,-0.41996036963267064,3.6610296044694044,0.17636671206200935,0.8035444941644162,0.0
-1.425935421024563,-1.2562096953001445,2.0332918249324976,1.5780627985660818,1.7912739007629495,0.0
0.4951200918397626,-2.0107313060660577,0.24514390534341493,4.043040385194114,-0.9955534689245122,0.0
-1.1479508286781912,1.7406850478131128,1.3177911050629458,3.029984435680139,-1.9982208431047999,0.0
-1.6051865559414147,-1.2590874916124577,2.5766238793750604,1.5853013115349508,2.021070314290316,0.0
-0.13848987918727562,-1.9451357919290735,0.019179446637306197,3.783553249043544,0.2693816208271031,0.0
0.1524524216219973,-2.0906636375142904,0.023241740858411228,4.3708744452244845,-0.3187267343361071,0.0
-1.3570237958796942,-1.4449552627035283,1.841513582583734,2.0878957112146224,1.9608386754702827,0.0
-1.6235522549920995,-1.2257561307685123,2.6359219246899315,1.5024780921165943,1.990079130179609,0.0
-0.2477072592882665,-1.8873893744850876,0.06135888630410449,3.5622386509192103,0.4675200491634967,0.0
-0.5821149582634884,-1.9180241332918844,0.3388578246341028,3.6788165758900844,1.1165105382995688,0.0
1.843434116525175,-0.9792184661518217,3.3982493419689526,0.9588688044527265,-1.8051247280357205,0.0
1.8903883983416543,0.5160715728764002,3.573568296584725,0.2663298683311216,0.9755757140794764,0.0
-1.7352874239218132,-1.0104513759261258,3.011222443621203,1.0210119831110007,1.7534235651290986,0.0
-0.3190327789964618,1.9962836399261283,0.10178191407420525,3.985148371036712,-0.6368799173108048,0.0
-1.7615675770164934,0.9905469205464874,3.103120328395759,0.9811832018041292,-1.7449153387482248,0.0
-1.8598659105048203,0.8702656644987615,3.4591012050579244,0.757362326805471,-1.6185774424840715,0.0
-1.1241654552917846,1.672367416496316,1.2637479708713852,2.796812775758563,-1.8800176781807267,0.0
1.8654401817508492,0.6846642541039455,3.4798670716906415,0.46876514084771204,1.2772002106139737,0.0
-1.976558838492336,0.2519426778532472,3.9067848420221725,0.0634751129238651,-0.4979795267042631,0.0
-0.4553200071926441,-1.9441060020796639,0.20731630894990946,3.779548147322174,0.8851903588501752,0.0
-0.07412484734564467,-2.091977651205104,0.005494492994015126,4.376370493141624,0.15506752404607863,0.0
1.7106010863117833,1.1198169288811701,2.9261560764910532,1.2539899542088557,1.9155600550144547,0.0
-1.4414768827475979,-1.3887746501289853,2.077855603495732,1.9286950288408855,2.0018865535068158,0.0
-0.773229985653146,-1.8480668235934277,0.5978846107131645,3.415350984466701,1.4289806834932013,0.0
-0.7063518013375035,-1.9628811923841405,0.49893286725273606,3.852902575415385,1.3864846660520445,0.0
1.8368969108775464,0.618977903585351,3.3741902611914725,0.38313364512691606,1.136998598997391,0.0
0.21772607104487463,1.9778136112230733,0.04740464201263779,3.9117466807392542,0.4306215868306749,0.0
1.9295843609845156,0.2185047469466534,3.7232958061560213,0.047744324438221034,0.42162334250914146,0.0
-1.2760234148501897,1.554741338282147,1.6282357552459392,2.4172206289633613,-1.983886351683539,0.0
1.8459444078994176,-0.6337645477747843,3.4075107570551313,0.40165750201617684,-1.1698941228897664,0.0
-1.944313356303823,0.5399005750925319,3.7803544275014374,0.29149263098524664,-1.0497358992285248,0.0
0.24980497635158652,1.9795629970103317,0.0624025262100167,3.9186696591325263,0.4945046876546416,0.0
-1.3103867845472905,1.4272647648621144,1.717113525116187,2.0370847090169066,-1.8702688859253107,0.0
1.9029555000290768,-0.40124000839349216,3.6212396350909137,0.16099354433560967,-0.7635418808041088,0.0
-0.8313690009171867,1.7793490906008285,0.6911744156860411,3.166083186221995,-1.4792956757357154,0.0
1.8981529439587346,-0.5287142561963755,3.602984598659211,0.27953876470528655,-1.0035805219121028,0.0
0.7331802287832575,-1.8009741142378943,0.5375532478786698,3.243507760154968,-1.320438613109664,0.0
0.524508536813281,-1.9070709673410962,0.275109205190009,3.6369196744753043,-1.0002750026791667,0.0
-1.987312480223128,0.4613968947475947,3.9494108940506,0.212887094482723,-0.916939807268092,0.0
0.06591470885297944,-1.9963368996554844,0.004344748843173046,3.985361016926072,-0.1315879655132509,0.0
-0.5816362032318346,-1.8942246355081311,0.33830067290994403,3.588086969765912,1.1017496250651553,0.0
-1.0314095533380183,1.707845746525451,1.0638056667169304,2.916737093925075,-1.76148841859405,0.0
-2.000909520735954,0.04719900143807476,4.003638910171785,0.0022277457367513836,-0.09444093134667378,0.0
1.6033512435026802,-1.265994792870953,2.570735210041591,1.602742815576367,-2.0298343254175606,0.0
-1.4103609484219675,1.3336328247735931,1.9891180048337116,1.7785765113135934,-1.8809036555943524,0.0
-1.8355591135493994,0.6632393609778464,3.369277259334257,0.43988644995030207,-1.2174150535075658,0.0
-2.0435122167043924,0.6071051768738032,4.175942179820099,0.36857669578697183,-1.2406268457660978,0.0
0.7908346065318501,1.8959825747721708,0.6254193748883862,3.5947499238397103,1.4994086335111938,0.0
-2.0224991062525075,0.099756168234642,4.090502634792192,0.009951293100858198,-0.20175676109773824,0.0
-1.822021141276246,0.7749334203534285,3.319761039257594,0.6005218059806635,-1.4119450749654585,0.0
-1.5809713120477513,-1.2024142644832174,2.4994702895179883,1.4458000634327168,1.900982457344964,0.0
-0.49959010303342266,-1.8910761286093278,0.24959027104894588,3.576168924196043,0.9447629179359801,0.0
1.853756000520738,-0.6658972395098335,3.4364113094666426,0.44341913358681656,-1.234411003471549,0.0
-0.9540001569498445,1.7604215842756168,0.910116299460328,3.0990841543834726,-1.6794424676968325,0.0
-1.2077619043681787,-1.551839051635542,1.4586888176430495,2.4082044421810984,1.8742520882762506,0.0
0.3104336295778987,-1.9277312653110272,0.09636903837290803,3.716147831257654,-0.5984326135412974,0.0
-1.415260934075405,-1.3523193673916127,2.002963511519988,1.8287676714224517,1.9138847710629145,0.0
1.9457620488525915,-0.444756209210727,3.7859899507550345,0.19780808563149596,-0.8653897528737761,0.0
-1.9498006418714708,0.705513215614877,3.8017225430423998,0.49774889740724393,-1.3756101206546927,0.0
0.0683535461713481,1.8914675777631582,0.004672207274198617,3.577649597729229,0.129288516408242,0.0
1.8701935096475721,0.9077011959723816,3.4976237635279035,0.823921461169692,1.6975768854068871,0.0
0.11176622705303711,1.8889420541717936,0.012491689509671045,3.568102084018755,0.211119926516595,0.0
-1.2524562507611607,-1.5740352371568562,1.5686466600707036,2.4775869278114406,1.9714102716954307,0.0
1.8421974988098546,-0.649226126559517,3.3936916246212845,0.42149456340747393,-1.1960027465099523,0.0
-1.6741471861507362,-1.0653868586675375,2.8027688008964278,1.1350491586214835,1.78361441160023,0.0
0.090476196346862,1.9542036904017392,0.008185942105395926,3.8189120635797766,0.1768089167945501,0.0
0.2927927089974529,1.9358720009511727,0.08572757044206714,3.7476004040666973,0.5668092074308136,0.0
-0.72236382272065,-1.860608849404452,0.5218094923755907,3.4618652904821583,1.3440365210436702,0.0
-1.7384615313488243,0.9903484398576884,3.0222484959796994,0.9807900323285574,-1.721682665323916,0.0
-0.3786741659597702,-1.9488676289645386,0.1433941239653276,3.7980850352258626,0.7379858239641416,0.0
1.3868035112683827,-1.4266967134498127,1.9232239788663155,2.035463512168497,-1.978548011727262,0.0
1.957085169252541,0.7729551541767714,3.8301823597082474,0.5974596703684365,1.5127390687366706,0.0
-1.1217860807069047,-1.8529419250470316,1.258404010867758,3.4333937775969994,2.0786044598760167,0.0
-0.14205266235456493,1.993209412821638,0.020178958882020027,3.972883763360779,-0.28314070372149275,0.0
-1.3580659641377544,-1.5508192130973593,1.8443431629494083,2.4050402317119124,2.106114789838419,0.0
-1.548581195878025,-1.156547128234061,2.398103720227014,1.3376012598264533,1.7910071349299974,0.0
0.24425008873603005,-2.0075231825537263,0.059658105847558554,4.030149328490642,-0.4903377154783851,0.0
-1.9817436977162721,-0.5838205776064374,3.9273080834381635,0.34084646683671416,1.156982750268631,0.0
-1.4986806772473882,-1.3019064245817122,2.24604377235469,1.6949603383671377,1.9511420021048462,0.0
0.24291329041570556,1.9487806430606576,0.05900686666058491,3.79774599476791,0.47338471830429896,0.0
-1.689419325026217,1.006257026683406,2.854137655772039,1.0125532037497291,-1.699990066822368,0.0
1.1403750147233065,1.62283835801634,1.3004551742051815,2.6336043362491703,1.8506443164164301,0.0
-1.0984780706560813,-1.7200399484674553,1.2066540717123067,2.9585374243239264,1.8894261640439158,0.0
1.7981349141239864,1.0185224208594157,3.233289169391676,1.0373879217933246,1.8314407257654002,0.0
-0.5248407802587887,-1.8616741032838897,0.2754578446226541,3.465830466837875,0.9770824889550974,0.0
-1.944981279031543,0.09554742365284506,3.782952175783177,0.009129310166696256,-0.1858379502644793,0.0
-0.641915842361356,-1.828046870804667,0.41205594867448925,3.3417553618587355,1.1734522469486188,0.0
1.9598725859713233,0.35336262849291467,3.841100553241922,0.12486514721542162,0.6925457284900327,0.0
-0.8827609760580961,1.8512146732851935,0.7792669408510425,3.4269957665864057,-1.634180071882307,0.0
1.981836103512324,-0.2821998650373126,3.927674341184911,0.07963676382707745,-0.5592738809372513,0.0
-2.042885282986314,0.08463586659557094,4.173380279442072,0.007163229914383282,-0.17290136628088487,0.0
-1.9435304689849635,-0.40666758195132807,3.777310683872912,0.16537852221014013,0.7903708362708457,0.0
0.0023032941382319858,-2.056315652568598,5.305163887213826e-06,4.228434062998619,-0.004736299788915932,0.0
0.2213842976036566,1.9546153696820858,0.04901100722546439,3.820521243397437,0.43272115070238015,0.0
-0.7993972663093183,-1.754480027440103,0.6390359893828111,3.078200166686224,1.402526537729916,0.0
1.731161729036424,1.149495078556908,2.996920932080381,1.3213389356265521,1.989961887713437,0.0
-0.5167030919494573,-1.9849391809735646,0.26698208523012934,3.9399835521640054,1.0256242121406642,0.0
2.023033493361786,0.5363905991362311,4.092664515263591,0.287714874841725,1.085136147576991,0.0
1.8717345038048723,-0.8163762267364794,3.503390052733671,0.6664701435804915,-1.5280395516686982,0.0
1.781301043221061,-0.9341979355159631,3.17303340658044,0.8727257827222875,-1.6640877571095465,0.0
0.8672067488064384,1.793600959078641,0.7520475451754333,3.217004400407821,1.555422856378698,0.0
0.8055503460208535,-1.846953011623385,0.6489113599743168,3.4112354271446916,-1.4878136375974753,0.0
1.9842396786627385,-0.4586788669366377,3.937207102379608,0.21038630297427777,-0.9101288075397429,0.0
1.1733291812731903,1.6551239663225232,1.376701367627215,2.739435343895201,1.9420052483108416,0.0
-0.26768685931580677,2.1073161375416087,0.07165625465036053,4.440781303543284,-0.5641008384440299,0.0
2.022841920433044,-0.3095995595834877,4.091889435061246,0.09585188729428956,-0.626270967673087,0.0
-1.9925715954680328,0.06184826165221696,3.9703415630660217,0.003825207469401091,-0.1232370893972823,0.0
0.6792404223010985,-1.8450103796109047,0.4613675512877746,3.4040633008719747,-1.253205629396821,0.0
-1.8132059092186188,0.7175638358202922,3.287715669225318,0.5148978584771312,-1.3010909873509324,0.0
-0.9088712367669286,1.8152663311684494,0.8260469250222464,3.2951918530737627,-1.6498433554704335,0.0
1.1874975429264434,-1.5972931416111333,1.4101504144563402,2.551345380237964,-1.8967816809964804,0.0
0.32666102433672395,-2.062885404496645,0.10670742482071775,4.255496192085287,-0.6738642593221512,0.0
-1.6382299879838211,-1.2456056821330042,2.683797493529471,1.5515335153620267,2.040588581673331,0.0
-1.9899706142927096,0.1657043588619156,3.959983045748504,0.027457934545838503,-0.3297468047954258,0.0
-1.940872821197846,0.38229872065206244,3.7669873080644862,0.14615231181220367,-0.7419931964922957,0.0
-0.8426119206217823,1.8256483923317555,0.7099948487739287,3.3329920524235233,-1.5383130982427295,0.0
-1.931711583032584,-0.4122799142148979,3.7315096400222516,0.16997472766504357,0.7964058857405983,0.0
1.2791589666941152,1.5051809184338203,1.6362476620739566,2.265569597217279,1.9253656683115048,0.0
0.9772465003302071,-1.8738478793339306,0.9550107224076375,3.511305874884269,-1.831211282230264,0.0
-1.4894969075653373,-1.219811590614555,2.2186010376467027,1.4879403165976108,1.8169055920327348,0.0
0.24152188404464203,2.093055813265188,0.05833282047247351,4.380882637443198,0.5055187834303987,0.0
1.9513532180937059,0.2989197204379491,3.807779381764662,0.08935299926670166,0.5832979584282629,0.0
-1.9201750542246183,0.20124750270303218,3.687072238866516,0.04050055734420695,-0.38643043441536384,0.0
-1.495590246369411,-1.2627959759451732,2.2367901850353156,1.5946536768633226,1.8886253447781425,0.0
-1.2097454412138533,-1.5226698171075972,1.4634840325377005,2.3185233719304836,1.8420428697198474,0.0
-2.086769611985942,0.1645500004805038,4.354607413507958,0.027076702658133802,-0.34337794065498745,0.0
-0.5893300150417606,-1.939610931465199,0.34730986662912183,3.762090565459297,1.1430709394155492,0.0
1.4715843041010657,1.1211008616506137,2.165560364076618,1.2568671419937485,1.6497944313192234,0.0
0.01876836020237474,-2.003169150787103,0.00035225134468608397,4.012686646665124,-0.03759620016825747,0.0
1.82757692339729,0.8455320685148112,3.340037410934304,0.7149244788869354,1.5452748964100453,0.0
-1.8631159227552763,0.5110235180547762,3.4712009416242444,0.26114503600508016,-0.9520960533902719,0.0
1.981286500554982,-0.38262944563207923,3.9254961972814066,0.14640529266471228,-0.758098555345675,0.0
-0.36722527144567313,-1.956915374835798,0.1348543999883483,3.8295177842687314,0.718628779720287,0.0
-0.6887447007722787,-1.8276271604669496,0.4743692628418957,3.340221037676485,1.2587685217590985,0.0
-1.4498055308159148,1.3608069875869047,2.1019360771844164,1.851795657465346,-1.9729054969764384,0.0
-0.9519399152255124,1.7702460762915806,0.9061896021995557,3.1337711706257365,-1.685167899793303,0.0
0.19645355707897072,2.0401724564074963,0.03859400008898041,4.162303651883797,0.400799136115794,0.0
0.5946490324888092,1.9481269723831067,0.35360747183987684,3.7951987005265697,1.1584518192929676,0.0
1.7079240835399778,-1.1504022436342107,2.9170046751358734,1.3234253221586258,-1.9647996976612936,0.0
-0.7701811654432847,1.8097414450116758,0.5931790276035763,3.275164097792948,-1.3938287752701066,0.0
-1.9968263308130083,-0.34994059526106397,3.9873153954281415,0.12245842021166779,0.6987705948376703,0.0
2.0110264534091526,0.056495513074927596,4.044227396311395,0.003191742997599315,0.11361397129260206,0.0
1.9383233944355733,0.16664958177499342,3.757097581416243,0.02777208310578022,0.3230207830273739,0.0
-1.8947156032536314,0.5189561050437761,3.589947217212772,0.2693154389622068,-0.9832742296301732,0.0
-0.05502601551880063,1.934214714036708,0.003027862383875288,3.7411865599961045,-0.10643212887127643,0.0
1.9222833147462046,-0.7555040530201026,3.695173142151656,0.570786374129802,-1.452292835343675,0.0
-1.7976737003020007,-1.0344648845007651,3.2316307327574876,1.0701175972651813,1.8596303167529722,0.0
-1.1014841758336107,1.6317191563260167,1.2132673896118487,2.662507405121288,-1.797312830097677,0.0
1.6631462004070088,1.0578596649468481,2.7660552839282704,1.1190670707214578,1.7593752823201818,0.0
0.5152652961174574,-1.9066527652345089,0.2654983253830111,3.635324767176399,-0.9824320016717283,0.0
1.2298893679208498,-1.654138744799383,1.5126278573247474,2.736174987046478,-2.034407655294701,0.0
1.6793099237322018,1.1359355703994574,2.8200818199454534,1.2903496200987405,1.9075878760922078,0.0
0.7623794956357346,1.8759764962610062,0.5812224953657971,3.5192878145237207,1.4302060150439584,0.0
1.8800815907223878,-0.7345937793779387,3.534706787773224,0.5396280207007637,-1.3810962412676457,0.0
1.9536572874645224,0.14591568207559247,3.8167767968632353,0.021291386275585376,0.2850692356423376,0.0
-1.3713770128302416,1.3604739722184809,1.8806749113191967,1.850889429083932,-1.8657227320542733,0.0
1.8272804578976414,-1.0343493367376528,3.338953871814614,1.0698785504096224,-1.8900463296601,0.0
1.0651203217175362,-1.7088913135193071,1.134481299735668,2.9203095214217427,-1.8201748656359875,0.0
-1.9195291097574594,0.40362379043209684,3.6845920032062645,0.16291216420277324,-0.7747676151250542,0.0
1.6438457226365624,0.9827102246349765,2.702228759830522,0.9657193856021259,1.6154239993574215,0.0
-0.7398376566667395,1.9042936633454852,0.5473597582221323,3.626334356257768,-1.4088681614948446,0.0
-1.0026966936328492,-1.7555861925926448,1.0054006594222478,3.082082879621939,1.7603204707001274,0.0
-0.8187563855494926,-1.8918220386039608,0.6703620188780693,3.5789906257476463,1.5489413744302516,0.0
-1.2470917593444313,1.5837680844227349,1.5552378562247888,2.508321345236059,-1.975104126796308,0.0
0.7713276983301497,1.7377641330524172,0.5949464182112864,3.019824182123419,1.3403856089880088,0.0
0.9840226233973307,-1.7519913253283224,0.968300523357765,3.0694736040256916,-1.723999100118942,0.0
-1.9040367521533026,0.4416571808405099,3.625355953550497,0.1950610653879869,-0.8409315041727483,0.0
1.8919855228247207,0.5075502448515294,3.5796092185783315,0.25760725104884746,0.9602777153652359,0.0
-1.4956214483581058,1.3954361980691599,2.236883516788798,1.9472421828817115,-2.0870443076475254,0.0
-1.0722904990881077,1.6078638396900218,1.149806914434623,2.58522612698274,-1.7240971191269345,0.0
-1.050711288805171,1.6792476388502966,1.1039942124226236,2.819872632584296,-1.7644044508394356,0.0
0.959963631679926,-1.8479276048408786,0.9215301741481127,3.414836432732946,-1.7739432946246372,0.0
1.7245498803174948,-1.0386655905184419,2.9740722897030856,1.0788262089270235,-1.791230619818479,0.0
-0.7523752656905636,1.8676007465078912,0.5660685404229461,3.4879325483568326,-1.4051366078577694,0.0
-0.37136241377563645,1.9805472567209708,0.13791004236526702,3.9225674361049627,-0.7355008098526148,0.0
-1.8484301481015537,0.728555053441167,3.4166940124107317,0.5307924658946617,-1.3466831253323917,0.0
-1.1324145794556832,-1.569013501620569,1.282362779763792,2.4618033682676397,1.7767737645979458,0.0
0.05170021822295187,-2.029921524151483,0.0026729125643008447,4.120581394213479,-0.10494738577409873,0.0
-1.9837704359960913,0.47139774848682897,3.935345142732122,0.22221583727845168,-0.9351449170432925,0.0
1.8948985416876893,0.7428743113076698,3.5906404832901315,0.5518622424008447,1.40767144915415,0.0
-0.7990870627951377,-1.8795444002899575,0.6385401339265604,3.532687152661336,1.5019196142207507,0.0
-1.6668303317577884,-1.2808541594768288,2.778323354867779,1.6405873778490936,2.1349665635741055,0.0
-0.0094325799030101,2.0483911825670384,8.897356362667004e-05,4.19590643681839,-0.01932161350218494,0.0
-1.6411995868186717,1.0646932055652392,2.693536083773779,1.1335716219767846,-1.7473740490623177,0.0
2.0386226739210938,0.062435003361612736,4.15598240662519,0.0038981296447645935,0.12728141349932343,0.0
-0.7117269857447032,1.8929814737133301,0.5065553022372409,3.583378859821891,-1.3472859983565546,0.0
1.8294215547454242,-0.3279460480929171,3.346783224967165,0.1075486104597619,-0.5999515691747621,0.0
-0.06855583806929073,-2.045525708972843,0.004699902933382813,4.184175426068853,0.14023272927091335,0.0
1.1814711111743643,-1.683354444628913,1.395873986539587,2.833682186251916,-1.988834646196027,0.0
-2.0262855996189995,0.17693101885904977,4.105833331223328,0.031304585434501424,-0.35851277564001016,0.0
-1.5475392654191962,-1.1435897852853996,2.394877778014185,1.3077975970091062,1.7697500962614636,0.0
-1.4188793162159707,1.4406097423771225,2.0132185139855006,2.075356429831879,-2.0440513661981172,0.0
-1.9234907216187223,-0.6187535373382719,3.699816556153313,0.3828559399686242,1.1901666880389297,0.0
1.9005090708851142,0.4005757831836787,3.6119347285166,0.16046095807321756,0.7612979095174902,0.0
0.0910966353294093,-1.9796345532856565,0.008298596968339383,3.918952964562501,-0.18033804698616154,0.0
-1.9657177831931294,-0.1730960192210155,3.8640464031617108,0.029962231870162167,0.3402579231826899,0.0
-1.3106042745658903,1.5015242997394054,1.7176835645103836,2.2545752227079117,-1.9679041656030198,0.0
0.7968869269685384,-1.8636719760718874,0.6350287743733606,3.473273234395694,-1.4851358338893097,0.0
0.02548390589486397,2.0397177726638156,0.0006494294596582826,4.160448592120637,0.05197997577064622,0.0
0.7829749341632766,-1.8215073056008708,0.6130497475279872,3.3178888643573443,-1.426194562680769,0.0
-0.5135755287133285,-1.9971411559820342,0.26375982369317486,3.988572796917256,1.0256828250986212,0.0
1.237712168174717,-1.5353923585823759,1.531931411247759,2.3574296947931512,-1.9003738051398849,0.0
1.166015345357757,-1.603590771194358,1.3595917856097695,2.571503361459716,-1.8698114468867013,0.0
0.8574631183923296,-1.774223716863445,0.7352429994030982,3.1478697974807375,-1.521331400987359,0.0
1.886589838328195,0.7711717180943992,3.559221218083205,0.5947058187886676,1.454884726962989,0.0
1.8792320766024941,-0.9472910708895684,3.5315131977317225,0.8973603729871054,-1.7801797662948042,0.0
1.8959333158937008,-0.26320311992811596,3.5945631383156837,0.0692758823398942,-0.4990155639188803,0.0
0.6530289388819799,1.8735394119216433,0.42644679501732463,3.510149928023697,1.2234754541207593,0.0
1.2909014633768365,-1.492369109853391,1.6664265881484581,2.227165560044603,-1.9265014678081296,0.0
-1.9174897665852944,-0.6382190068420637,3.6767670049593266,0.4073235006944701,1.223778414459887,0.0
-1.9736064034084442,-0.1414617113907771,3.8951222355748145,0.020011415789607512,0.27918973943795494,0.0
0.7007835625261202,1.888926308328648,0.4910976015068006,3.5680425982960946,1.3237285076998624,0.0
-1.9804370788511214,0.31546263637375077,3.922131023288363,0.0995166749478773,-0.6247539020667044,0.0
-1.9623568830431148,0.22810315974102563,3.8508445364266892,0.05203105148383986,-0.4476198055616848,0.0
-1.5810790951194555,1.1363388183368042,2.499811105023756,1.2912659100590844,-1.7966415506450657,0.0
-2.027729782440396,-0.010112796328972854,4.1116880705957755,0.00010226864959128684,0.020506018300012162,0.0
1.8676267409386762,-0.8610313189371197,3.488029643469221,0.7413749321905959,-1.6080851160326628,0.0
-1.6805226269212945,-1.0095021340662913,2.8241562995944482,1.0190945586843965,1.6964911782237366,0.0
0.8720461503306787,1.7962999854488237,0.7604644883065567,3.2266936377234443,1.5664564871497009,0.0
0.0903660593831799,2.0108427226599406,0.008166024688444396,4.043488455274443,0.18171193288612333,0.0
-1.6793100650703765,-0.9198463993250027,2.820082294646672,0.8461173983511723,1.5447073167052217,0.0
-1.9256102227305485,-0.5171354467970766,3.7079747298843926,0.26742907033401203,0.9958013028887803,0.0
0.8024284445923912,1.8660163268983332,0.6438914086909642,3.482016932251147,1.4973445787770363,0.0
-0.8909787101443383,-1.9226072404352919,0.7938430619304687,3.696418600974208,1.713002119197202,0.0
-1.1349072719838111,1.6276640861556044,1.2880145160017362,2.649290377360759,-1.84724780772488,0.0
-1.95904893439353,0.1371293593926448,3.8378727273484254,0.018804461207437145,-0.26864312539222823,0.0
1.951049438635363,-0.20351110726332763,3.806593911999365,0.04141677077954565,-0.3970602315821765,0.0
-0.31250298580245084,1.9185484996328428,0.0976581161354468,3.680828345443432,-0.5995521345420757,0.0
-1.2400350614910127,1.689122792885968,1.5376869537270197,2.8531358094468926,-2.0945714863422227,0.0
0.8329279733269519,-1.8149360480766625,0.6937690087505435,3.2939928586081333,-1.511711004242522,0.0
0.5532459869367858,1.9732197194022587,0.3060811220616582,3.8935960610379285,1.0916758911038302,0.0
-1.4799284927865792,-1.3943470815796533,2.190188343761556,1.9442037839096962,2.0635339748635415,0.0
1.694978570362789,1.0487505145697404,2.8729523539890844,1.0998776418102953,1.7776096478526582,0.0
0.8357765355122342,1.84269114515846,0.6985224173128328,3.3955106564453965,1.540078021319609,0.0
-2.041599434084236,-0.1328667042490449,4.168128249253072,0.017653561098003166,0.2712605882034876,0.0
0.24314907490168366,1.907315874357388,0.059121472625544576,3.6378538445756874,0.4637620903952948,0.0
1.6865232126605934,-1.1423114976316038,2.844360546843009,1.3048755576213575,-1.9265348568447862,0.0
-1.1622818222728823,-1.609858892455675,1.3508990343859721,2.5916456536186123,1.8711097271255859,0.0
0.6233232188441564,1.8802879292968688,0.38853183515024015,3.535482697059507,1.172027124443138,0.0
-0.7749528640992436,-1.800240469307274,0.6005519415756206,3.240865747331674,1.3951015077570383,0.0
0.6312054971499043,-1.9668591185688398,0.3984203796322578,3.8685347922973934,-1.241492287760067,0.0
1.6879502900464918,-1.0153562030218177,2.8491761816680357,1.0309482190148826,-1.7138707973911818,0.0
-0.888882036125136,-1.8136842961550423,0.7901112741459677,3.2894507261194113,1.6121513900544784,0.0
1.3075603101075302,-1.4105804905649117,1.7097139645685004,1.9897373203623472,-1.844419063674688,0.0
-1.9879840107689404,-0.03393740665044748,3.9520804270729624,0.0011517475701578366,0.06746702178805308,0.0
-1.9410695272396032,0.3745940549937642,3.7677509095781767,0.14032070603667124,-0.7271131052335118,0.0
-1.7336994602250786,0.8773950369758869,3.005713818384729,0.7698220509099181,-1.521139302009258,0.0
-0.6648283249150115,-1.8310778276724533,0.44199670160930016,3.3528460109936704,1.2173524049604953,0.0
-0.5048228526896894,2.0120867397886464,0.25484611259775586,4.048493048433304,-1.0157473678392013,0.0
0.9614882023770197,-1.7528538656062898,0.9244595633101929,3.072496674170913,-1.6853483122714017,0.0
-1.2467481899443311,1.5551828877611895,1.5543810491294658,2.4185938143852326,-1.938921450348661,0.0
-1.3086358364915749,-1.5815746817431675,1.712527752550004,2.5013784739310014,2.0697053066168665,0.0
1.9737355644467367,-0.21132691183201407,3.8956320783618783,0.04465906366445585,-0.4171034416075461,0.0
-0.8226545244578962,-1.7297435088678064,0.6767604666110474,2.9920126064703108,1.422981323721778,0.0
0.7274154614679039,1.8495404663151696,0.5291332535825636,3.420799936537335,1.3453843318082113,0.0
1.7341129562754074,-1.1717098961672443,3.007147745122233,1.3729040807762545,-2.0318773119397306,0.0
1.5586888961057395,1.3696824214574255,2.4295110748433286,1.8760299356494765,2.1349087815169105,0.0
-1.902510205004808,0.10936145982841558,3.6195450801474363,0.011959928895802155,-0.208061293357784,0.0
1.8325276626741684,-0.6798498267749301,3.358157634466051,0.46219578696590247,-1.245843614029301,0.0
0.4975967519977295,-1.9049620983350068,0.24760252759868992,3.6288805960929125,-0.9479029528102788,0.0
1.3018637902045818,1.5297189246630392,1.6948493282458392,2.340039988472245,1.9914856772095013,0.0
1.9677778790133449,0.676858924185117,3.872149781134258,0.4581380032490339,1.3319080182242438,0.0
-2.0176712476040475,-0.47082241446264106,4.070997263408073,0.22167374596043096,0.9499648483887869,0.0
-1.9449633837788347,0.359167801577209,3.7828825642404147,0.1290015096898054,-0.6985682227000135,0.0
4.550379841608118,-2.2601086560888404,20.705956702913518,5.108091137327704,-10.284352868510673,1.0
4.879005075527466,-0.8789548035182395,23.804690527022778,0.772561546627787,-4.288424947524738,1.0
-2.9405098429653247,-4.02935624048604,8.646598136575959,16.235711712743793,11.848361685962956,1.0
-1.6370559135127738,4.731127644586853,2.6799520639671424,22.383568789373946,-7.745120488154669,1.0
2.6445343588266867,-4.211928713577325,6.993561975014875,17.74034348825714,-11.138590199983922,1.0
1.7095438160815557,-4.649426148155203,2.9225400591026878,21.617163507149325,-7.948397719906614,1.0
-1.468587405551935,4.778790919210851,2.1567489677457634,22.836842649532095,-7.01807215771901,1.0
-4.835345421482557,1.2830775449438954,23.38056534505232,1.6462879863392539,-6.204123132351544,1.0
2.8798365080274055,-4.046149869635176,8.29345831296748,16.371328767548754,-11.652250111525708,1.0
-1.845538979125464,4.648394322475157,3.4060141234714596,21.60756977721928,-8.578792912473405,1.0
-4.767230429949075,-1.3654041749266839,22.726485972232442,1.8643285609072182,6.5091963318899975,1.0
0.6840022497225344,-5.0091043282988,0.46785907762548834,25.091126171781777,-3.426238629651264,1.0
-4.883531240378041,1.3677486807730297,23.848877375748284,1.870736453756363,-6.679443411540943,1.0
-0.5196312833798058,4.976550626409339,0.270016670666944,24.766056137215184,-2.5859713888056612,1.0
4.824592211137193,1.4207769928409006,23.27669000376567,2.018607263386033,6.854669613423133,1.0
-0.2911434478873356,-5.05389405154286,0.08476450724772569,25.54184508422031,1.4714081394234841,1.0
-4.691195911023748,-1.874664341511225,22.00731907560594,3.514366393333715,8.794417693439486,1.0
1.0150739859567892,-4.922267419098341,1.0303751969662038,24.228716545117038,-4.99646560904939,1.0
-4.925113303739311,0.9570495820990012,24.25674105466995,0.9159439025958728,-4.713577629133939,1.0
-2.91082663408192,4.091999195099154,8.472911693680679,16.744457412692125,-11.911100243736396,1.0
3.575853236070727,-3.4046130931062883,12.78672636591749,11.591390313750768,-12.174396746552889,1.0
1.193131476738435,-4.843339910113448,1.4235627207840384,23.45794148489774,-5.778741299299857,1.0
1.376445235703958,4.743761119329686,1.8946014868921246,22.503269557264034,6.5295273920190215,1.0
0.04058964044033517,5.071310379177655,0.001647518911075692,25.71818896195501,0.20584266485216082,1.0
-2.3141884711711427,-4.471525329508108,5.355468280101431,19.99453877243259,10.347952366097408,1.0
-2.87441101614548,4.0260820601066865,8.26223868973849,16.2093367547129,-11.572614625476348,1.0
-4.774920398619334,-1.415552004974931,22.799864813151018,2.003787478788547,6.759148143861295,1.0
-4.618313109028055,2.15244984967146,21.328815973020376,4.633040355350691,-9.94068735726317,1.0
-1.8459385690411207,4.680167450123731,3.4074892006735804,21.90396736119767,-8.63930160575423,1.0
-3.9248044930691264,3.186656597186625,15.404090308815602,10.154780268393042,-12.50700413050644,1.0
3.220024282007746,-3.8410142279911508,10.3685563767195,14.753390299630455,-12.368159081668741,1.0
2.1300926732093983,-4.51329922496872,4.537294796460361,20.36986989410325,-9.613745611107527,1.0
4.869681700932357,-1.277115377303279,23.71379986839546,1.631023686944497,-6.219145382833101,1.0
-3.8397604968198555,-3.1369705999801556,14.743760672938263,9.840584545139857,12.045215789489083,1.0
-4.987312430534962,0.3133582620569778,24.873285279768545,0.09819340039936958,-1.5628155555675975,1.0
1.0337909145472846,-4.856966328738964,1.068723655000511,23.59012191850405,-5.021087662912421,1.0
-4.884379059189175,1.0098370709763282,23.857158793845734,1.0197709099180499,-4.932427042669711,1.0
3.478515159057966,3.6956148451375315,12.100067711796068,13.657569083600901,12.85525226085056,1.0
3.862095830176029,3.0541974472935913,14.915784201463069,9.32812204705469,11.79560322572685,1.0
3.0501392881799907,3.845539333727768,9.30334967729914,14.788172767247406,11.72943060604457,1.0
-4.951808602691059,0.6250099801003567,24.520408437685173,0.39063747522504827,-3.0949297962287137,1.0
0.7668533831384119,4.912098810573045,0.5880641112308279,24.128714724833127,3.766859591198109,1.0
-4.681200239443333,-1.7205343874126167,21.91363568176432,2.960238578269308,8.05416598632643,1.0
-4.9528016571739455,-0.5971900435100873,24.530244255304982,0.35663594806758,2.957763837144541,1.0
4.194390149602937,2.8513896123482327,17.59290872708615,8.130422721407404,11.959840502713567,1.0
-0.5250141357752094,4.959857582240691,0.27563984276379,24.60018723611047,-2.603995342108216,1.0
-3.85582669613948,-3.0956842109468687,14.867399510661896,9.583260733905737,11.936421823386418,1.0
-0.4723266437385276,5.071504722535044,0.22309245838530198,25.720160150695257,-2.3954068042990704,1.0
-4.8952759259443654,-1.0395999631944406,23.963726391130464,1.0807680834738822,5.0891286724383935,1.0
4.953399002552642,0.44922431063039225,24.536161678489506,0.20180248126135114,2.225187252198983,1.0
3.9484299604701736,3.063164801552702,15.590099152738496,9.382978601471404,12.094691676308361,1.0
3.048827031465992,3.9959436603265703,9.295346267797735,15.96756573650411,12.182941047818808,1.0
-4.494354521922704,2.122364075616714,20.199222568727055,4.504429269468389,-9.538656580414278,1.0
-2.880168961394411,4.03291428709718,8.29537324617976,16.264397647072553,-11.615474553661366,1.0
3.9146147253174846,-3.009932583081138,15.324208447672484,9.059694154693492,-11.782726411942317,1.0
-1.9033240164446104,-4.641228478155827,3.622642311574843,21.541001786444653,8.833761628280655,1.0
-2.855287412433999,-4.05536523488631,8.152666207604042,16.445987188324494,11.579233307993327,1.0
-2.2362701134726337,4.570877444683059,5.000904020410906,20.892920614312327,-10.221716621890886,1.0
2.858329537023135,-4.103286098845467,8.170047742218891,16.83695680897845,-11.728543855186429,1.0
-1.010799054802791,-4.965195577548482,1.0217147291902156,24.653167123307007,5.018814996697004,1.0
1.453139904890327,-4.764246339673937,2.111615583184669,22.698043185096505,-6.923116472907874,1.0
-4.2839568342828915,2.756475030672838,18.352286157999092,7.598154594722823,-11.808620046181048,1.0
1.1179980718153795,4.939671518480635,1.2499196885829065,24.40035471048878,5.522543233062698,1.0
0.6730306121151427,5.011757438642957,0.4529702048440837,25.11771262379301,3.373066176702489,1.0
3.766656043187251,3.3142651185021124,14.187697747679037,10.98435327571982,12.48369673733069,1.0
-0.824520937663744,-4.896180414950204,0.6798347766458996,23.972582655741952,4.037003266705602,1.0
-2.045221943193827,-4.522346378036461,4.182932796921534,20.451616762939494,9.249202047083296,1.0
3.9345847395327507,3.1335195684579533,15.480957072564003,9.818944885908918,12.329098275081913,1.0
4.8747545618436625,1.3636114377917121,23.763232038215598,1.8594361532763803,6.647271076957344,1.0
1.391278862443469,4.723812159718913,1.9356568730819934,22.314401320308264,6.572140007970357,1.0
4.832713921758148,1.5712213865068712,23.35512384955502,2.4687366454165747,7.593263468735897,1.0
-1.9785321583780549,-4.607760099172441,3.9145895017361245,21.231453131525623,9.11660153430393,1.0
2.7166366765921546,-4.229026060055134,7.380114832605667,17.884661416625452,-11.488727301009794,1.0
-2.1402559844710147,-4.410938936333548,4.580695679063992,19.456382300063336,9.44053845562409,1.0
-4.359989950408554,2.5196926483700044,19.009512367663586,6.348851042249847,-10.985834625011535,1.0
0.11987466920772621,-4.97483663599118,0.014369936317661784,24.748999554800044,-0.5963568961019202,1.0
-3.06094602164019,-3.9607844132924437,9.369390547394907,15.687813168580368,12.12374729244198,1.0
-4.448706348012859,-2.216842493712881,19.79098817084991,4.914390641931145,9.862081274325151,1.0
4.9124600744110865,0.6087534663459643,24.13226398268298,0.37058078278822704,2.9904770985839026,1.0
-4.975125142980949,-0.6652983693294654,24.75187018832121,0.44262192023244573,3.3099426448352487,1.0
4.671078814456077,-1.6297773250044096,21.818977290860392,2.6561741290985292,-7.612818335108995,1.0
-4.358581044371054,2.433997125764914,18.997228720350673,5.924342008231862,-10.608773734412583,1.0
-4.466555243908072,2.2005145926055,19.950115746882698,4.842264472269749,-9.82871999289833,1.0
-4.943482168951458,-0.6629477657003822,24.438015954741008,0.43949974004712883,3.277270458686048,1.0
-4.435924467003359,-2.4046638841003944,19.67742587695903,5.7824083954967955,10.666907358400268,1.0
-4.937068385757851,0.49095254638011715,24.374644245649627,0.24103440279712107,-2.4238662956405914,1.0
-2.971256918941657,3.94646779413781,8.828367678358667,15.574608050166951,-11.725969738712386,1.0
-0.015459449213720472,4.953938615170954,0.00023899456999160252,24.54150780288191,-0.0765851624291241,1.0
4.599574420134095,2.105417532795664,21.1560848463519,4.432782987403382,9.684024627548775,1.0
-4.9619391184834685,0.64863960633015,24.6208398155365,0.42073333890013204,-3.2185102364472886,1.0
2.5444577317941945,4.210334348693805,6.474265148887257,17.726915327790888,10.713017786972626,1.0
3.6059778316084925,-3.4242533117972886,13.003076122051885,11.725510743354699,-12.347781532152986,1.0
2.693255025582523,-4.18207087216611,7.2536226328255164,17.48971677982021,-11.263383393803661,1.0
-2.746530426864306,4.2186414176246805,7.543429385691427,17.796935410498374,-11.586627013536155,1.0
2.7885510973118923,-4.196666620197104,7.776017222319359,17.612010721076583,-11.702619308802825,1.0
-1.445468070173657,4.739721390348658,2.0893779418915566,22.46495885812861,-6.851115931268077,1.0
-2.409011934862239,4.337825363939694,5.803338502308709,18.81672888803854,-10.449873073078859,1.0
3.878971098680196,3.157931336633711,15.046416784396246,9.972530326893178,12.249524386418686,1.0
4.674308334980122,-1.8060036676773206,21.84915841046464,3.2616492476639336,-8.44181799682877,1.0
4.200752350743393,-2.6391758613955973,17.646320312276142,6.965249227373193,-11.086524203782774,1.0
3.237243513274664,3.8226794084850853,10.47974556423889,14.612877860055882,12.374944118446972,1.0
-4.45985280186797,-2.1832094999640246,19.890287014329584,4.766403720733166,9.736793005479324,1.0
-3.2416296504535085,-3.756267320277354,10.508162790699336,14.109544181383615,12.176427520440617,1.0
1.9808725499772617,-4.601504662398215,3.9238560592534193,21.17384515807251,-9.114994274337011,1.0
-4.484366370766952,2.111632610318025,20.109541747265563,4.458992280958517,-9.469334265124989,1.0
2.155367884596041,4.535191897841089,4.645610717948013,20.567965550243457,9.775006967086851,1.0
-1.3276597350486954,-4.852120450540047,1.762680372069572,23.54307286654895,6.441964951788355,1.0
4.967624110178375,0.238515945758254,24.67728930002549,0.05688985638095436,1.1848575628106999,1.0
0.28322023877717023,-4.9517816825264065,0.08021370365299732,24.52014183140405,-1.4024447904975466,1.0
-3.400684751072101,-3.622123795809527,11.564656776174317,13.119780792169616,12.317701158904855,1.0
3.4986530132473073,-3.3886798894331096,12.240572907104463,11.483151393048391,-11.8558151060957,1.0
0.8197136975298334,4.970737382287222,0.6719305459180311,24.708230123667626,4.074581519084424,1.0
4.782565017418745,1.7072429755895635,22.87292814583756,2.914678577699907,8.16500053128853,1.0
4.896337586799092,-0.9198211095517,23.974121763901554,0.8460708735769206,-4.503754671829234,1.0
3.405571263675265,-3.6992963157085916,11.597915631970741,13.68479323141516,-12.59821722859696,1.0
-4.8533170679486854,1.4309404092891798,23.554686562042026,2.0475904549366852,-6.944807511620654,1.0
4.432939977900598,2.221993601449043,19.650956847669356,4.937255564880488,9.84996426650279,1.0
3.60121241645825,-3.5038622465972358,12.968730868453068,12.277050643129428,-12.618152228005265,1.0
-0.7478577599664153,4.955214316886284,0.5592912291419845,24.554148926274802,-3.7057954791800873,1.0
4.98002536982931,0.174764394968266,24.800652684143554,0.030542593748624083,0.8703311206848345,1.0
4.013124836876813,2.947287058413052,16.105170956357544,8.686501004689061,11.82783089552302,1.0
-1.501958335894688,4.751726581032444,2.2558788427635403,22.57890550089028,-7.136895348274045,1.0
2.814155533265979,4.146437358680325,7.919471365411526,17.192942769459872,11.668719636271007,1.0
4.885015894917232,-0.8455522007078426,23.863380293594005,0.7149585241218758,-4.130535940440057,1.0
-3.6783349535401237,-3.3398938255411865,13.530148030435024,11.154890765888142,12.285248199600986,1.0
-3.360679847811617,-3.6854427370202627,11.294169039487114,13.582488167855406,12.385593136567685,1.0
-2.7882556363295175,4.091254900653361,7.774369493523322,16.738366662120143,-11.407464536407494,1.0
2.0317342645093865,-4.543376021048661,4.127944121581498,20.64226566863996,-9.230932738514884,1.0
2.8959530842838346,4.097140170673093,8.386544266373054,16.786557578143142,11.86512571400394,1.0
-4.703319003668573,1.6993331446000923,22.121209650269936,2.8877331363364385,-7.992505872561488,1.0
4.695726773197482,-1.728349412574911,22.049849928523635,2.98719169194804,-8.11585661006815,1.0
0.7335184572134118,4.957743500859334,0.5380493270727439,24.579220620312967,3.636596364010158,1.0
-3.051984793486864,3.9689123311008148,9.314611179675055,15.752265091964103,-12.113060081202187,1.0
3.032541009646737,3.8828293852502815,9.19630497518925,15.07636403496308,11.774839344232907,1.0
-2.4767362334157905,-4.278669699747055,6.134222369914637,18.307014399533553,10.597136276181791,1.0
-0.06283725681007876,4.994533811675644,0.00394852084341579,24.945367995971235,-0.31384280377088397,1.0
-0.39137535803381435,5.043038295580689,0.15317467087609637,25.43223525069338,-1.973720918511129,1.0
4.727583540485257,-1.626365365966086,22.350046132267114,2.6450643036140007,-7.688778134956548,1.0
1.183198280600699,4.99857548420755,1.3999581712164506,24.985756871320746,5.91430591836718,1.0
-3.430451209070352,-3.501692536183216,11.767995497812239,12.261850617961242,12.01238539454234,1.0
-4.7722874689547465,-1.5556426734744013,22.7747276863425,2.4200241275345826,7.423974036793146,1.0
5.006963631306713,-0.33089437694017493,25.06968480522811,0.10949108869062657,-1.6567761111433508,1.0
-2.6084900843801178,4.306950992161479,6.804220520309394,18.54982684888075,-11.234638956964329,1.0
-4.967671864124469,-1.0859113546809862,24.677763749613877,1.1792034702250946,5.394451283582022,1.0
0.07618058194560881,-4.919880090234798,0.005803481065571619,24.205220102288767,-0.3747993283767013,1.0
3.8368054509030305,3.112881349044041,14.721076068079206,9.690030293226249,11.943520128026556,1.0
-2.269214962051068,-4.494751793110582,5.14933654399643,20.202793681670787,10.199558019632398,1.0
3.4803943542938742,-3.610352257490495,12.113144861400674,13.034643423166713,-12.565449613982063,1.0
-3.849105162692544,3.0782293371737293,14.815610553466396,9.475495852237017,-11.84842843366705,1.0
-4.828936234841731,-0.8379552454762277,23.31862516016743,0.702168993421125,4.046432448055853,1.0
4.18780101914629,-2.544742794160198,17.53767737596271,6.475715888430251,-10.656876466849255,1.0
-2.8064767190014943,-4.0959292853391975,7.876311574297392,16.776636710499268,11.495130181980887,1.0
-5.006286029471209,0.10522259936497412,25.0628998088786,0.011071795417121852,-0.526774429185516,1.0
-3.983047647327109,2.932166044282685,15.864668560878016,8.597597711244369,-11.678957064252584,1.0
-0.020412404734743903,-4.988310498792595,0.0004166662670549953,24.883241632364427,0.1018234128439267,1.0
-4.497698989318221,2.0326688236115213,20.229296198514145,4.131742546482246,-9.142332513576196,1.0
3.1905037791067086,3.683511745900893,10.17931436449419,13.568258782189844,11.752258145680749,1.0
4.934357955193173,0.7882544018975901,24.347888429978152,0.6213450021109275,3.88952937871941,1.0
4.87991306972077,1.3526282756953836,23.813551568031585,1.8296032522106667,6.600708401039771,1.0
5.008800188740552,0.06329534870965976,25.08807933072739,0.004006301168277428,0.3170337545633429,1.0
-4.9781126050730835,0.6965923203296666,24.78160510878752,0.4852408607422688,-3.4677150104302203,1.0
2.8296145851178074,-4.057681263654849,8.00671870031142,16.46477723741561,-11.481674085397016,1.0
4.670779358847159,-1.9358406924942162,21.816179819032676,3.7474791867164865,-9.041884748518374,1.0
-2.525685251410634,4.360388915132766,6.379085989193197,19.012991491212702,-11.012969973365243,1.0
4.957466787462829,0.6195053538294775,24.576476948797026,0.38378688342338607,3.0711772162650433,1.0
1.422294521888349,-4.794615932632665,2.022921706993607,22.988341941454998,-6.819355975542036,1.0
3.4820116164230597,3.607843299906065,12.124404896905128,13.016533276677082,12.562552280507022,1.0
-4.821015164331608,-1.1519457204262857,23.242187214715322,1.3269789428084344,5.553547786662023,1.0
-0.3441920381010143,4.850307617327819,0.11846815909213007,23.525483982708266,-1.6694372642249364,1.0
-1.9605790359049735,4.552784393850178,3.8438701560300754,20.727845736885733,-8.926093637577992,1.0
-1.0153207737907526,-4.88499881797647,1.0308762736910526,23.86321345163151,4.959840779834781,1.0
-5.0386960424436475,-0.08718202992895172,25.388457808137275,0.007600706342532633,0.4392837491752126,1.0
-4.9075209844584995,-1.1301082516917278,24.08376221290052,1.2771446605417336,5.546029959886861,1.0
-2.010837912416799,-4.599438802126486,4.04346911001275,21.154837294506727,9.248725919156847,1.0
-3.9886340464309527,-3.0907457190322223,15.909201556348155,9.552709099716008,12.327853603792637,1.0
-3.6018343006926994,3.4644358752509152,12.973210329646466,12.002315933725574,-12.47832396802908,1.0
-4.885478419753573,0.8886537423917182,23.86789938987787,0.7897054738668063,-4.341498681087991,1.0
1.7610427409346159,-4.758572077811399,3.1012715353985048,22.644008219726295,-8.380048814843917,1.0
2.036703958359886,-4.615626576095305,4.148163013998827,21.304008689957264,-9.400664917844393,1.0
0.25974473874926096,4.961312469163169,0.06746732930792183,24.61462141667394,1.2886748111562383,1.0
4.8842815094509335,1.0685853016487807,23.85620586356429,1.1418745468998157,5.219271430114188,1.0
4.877028740129351,1.3174573507217273,23.78540933204768,1.7356938709707124,6.425277363364538,1.0
-5.011143224612332,-0.33698214056088743,25.11155641757808,0.1135569630569977,1.6886657704870516,1.0
4.975287639714707,-0.042958966979275134,24.75348709789794,0.0018454728439264514,-0.2137332174268998,1.0
-3.3421020937230312,3.7164147036467625,11.16964640486787,13.811738249481854,-12.420637362200903,1.0
-3.362803905709593,-3.7032807919309896,11.308450108255693,13.714288623885018,12.453407111044847,1.0
2.6672169171065447,-4.231604108659058,7.114046082899341,17.90647333242022,-11.286606065113,1.0
-1.7073552008406658,4.663604091962173,2.9150617818376703,21.74920312656633,-7.962428701073428,1.0
4.059703928813079,2.731902388848633,16.481195989620346,7.463290662196869,11.090714861142631,1.0
0.7199710323251058,5.000454069398564,0.5183582873872786,25.004540900164656,3.6001820784391603,1.0
0.2009745633643993,-4.935124495440688,0.040390775119510954,24.355453785498703,-0.9918344906201436,1.0
1.0281676451845816,-5.003351567598631,1.0571287066044077,25.033526908991675,-5.144284199288469,1.0
-3.856406581115618,3.233037456749782,14.87187171887185,10.452531196747097,-12.46790692520316,1.0
-4.850481092879651,-1.3683934507112885,23.527166832382974,1.8725006359495475,6.6373665602954475,1.0
-5.102025827173537,0.21437344128492744,26.030667541145814,0.04595597232834223,-1.0937388340957697,1.0
-1.315770374004207,4.850476217014045,1.7312516771071709,23.527119531818887,-6.382112906159082,1.0
3.671041729258045,-3.5154325963463977,13.476547377953896,12.358266339454774,-12.905299757581577,1.0
4.969160082771608,-0.07621624851395539,24.692551928210733,0.005808916537541007,-0.378730739774148,1.0
-1.50522995712637,4.7622306262218315,2.265717223830654,22.678840537325176,-7.168252201333774,1.0
-3.960316908573962,3.053042432589487,15.684110016336824,9.321068095191931,-12.091015568377927,1.0
1.7673914610695383,4.687032089441576,3.123672576661517,21.96826980745507,8.283820492637957,1.0
-4.902832712698199,-0.2238251507099955,24.037768608703583,0.0500976980903522,1.0973772708255705,1.0
-4.145452424267384,-2.770620527974067,17.184775801864326,7.676338110031299,11.485475584415076,1.0
-4.870305547513688,-1.0859498450133995,23.7198761261426,1.1792870658846264,5.28890755449039,1.0
4.991872712408072,-0.5571943748188181,24.91879317688432,0.3104655713297335,-2.7814433951653332,1.0
-5.023964413640512,0.21227123781811447,25.24021842952626,0.04505907840483451,-1.0664431448376293,1.0
4.430686648101288,-2.3834683762621185,19.630984173663027,5.680921500641579,-10.560401510876225,1.0
-4.630845152972249,-1.9669639169345274,21.444726830806573,3.8689470505224186,9.108705320807566,1.0
4.323342027072784,2.3722555707383663,18.69128628305381,5.627596492899213,10.256072207930714,1.0
-1.6537831572831794,4.798315219069673,2.7349987313135213,23.023828941555646,-7.935372892632975,1.0
-4.64854076536354,-1.7704035342540347,21.608931247246648,3.1343286740991774,8.229793000123568,1.0
-2.7718590293193723,4.251231706765711,7.683202478419333,18.072971024610098,-11.783814992127342,1.0
-1.4762686648450707,4.796448911329977,2.1793691708034477,23.00592215899852,-7.080847230326698,1.0
-3.606778472870095,3.477286737266282,13.008850952359134,12.091523053167986,-12.541802947968716,1.0
4.14911536626416,2.84807874795149,17.21515832256938,8.111552554532928,11.817007297455918,1.0
-2.8231737899506895,-4.109151628389161,7.97031024826454,16.885127105093293,11.600849176201475,1.0
4.113883646164357,3.0467556953525357,16.924038654178545,9.282720267163112,12.53399842896891,1.0
4.0777047162764015,-2.9574489433000726,16.627675753142807,8.746504252226716,-12.059603504241366,1.0
4.698502301218421,-1.7247278507748882,22.0759238745548,2.974686159238565,-8.103637775841314,1.0
1.509948483367798,-4.727281338878595,2.2799444224247134,22.347188856909803,-7.137951288092628,1.0
-0.5887668478420158,-5.008309239931245,0.3466464011178234,25.083161442780685,2.9487264442123613,1.0
-4.798523781223851,-1.288948423177171,23.025830478970846,1.6613880376109156,6.18504966138664,1.0
3.2925640213754437,3.786706458770822,10.840977834856034,14.339145804896658,12.467973445658822,1.0
-4.280112557861457,-2.568518911762705,18.31936350796335,6.59728940008267,10.993550049340199,1.0
0.813766204193493,-4.8594850513468,0.6622154350874857,23.614594964263013,-3.9544847045695066,1.0
4.954997230808422,-0.9818228051696032,24.55199755731913,0.9639760207511086,-4.864929280759941,1.0
2.256409961454402,4.444706075489285,5.0913859141506554,19.755412097491362,10.029079064470924,1.0
-4.557101367328254,2.099010539706099,20.767172872105046,4.405845245797289,-9.565403800531081,1.0
-4.94515529003438,-0.9347473533197678,24.454560842555015,0.8737526145383108,4.622470819114885,1.0
-1.0159581453893294,-4.886601200068521,1.0321709531829257,23.878871288511107,4.964582292478886,1.0
4.916840044662616,-1.1669987676479108,24.17531602479788,1.3618861236917423,-5.737946272843172,1.0
-3.4324715632498344,-3.555869672515221,11.781861032518762,12.644209127913504,12.205421533530997,1.0
1.4226808741775423,4.889019849997527,2.024020869750576,23.90251509366984,6.955515034065838,1.0
-4.00689544036211,2.9533044056666786,16.05521106999467,8.722006912530214,-11.833581957067148,1.0
-3.960830932255341,3.159326468976182,15.688181673910714,9.98134373757351,-12.513558003413905,1.0
-4.967060431863505,-0.8407216532597325,24.67168933378407,0.7068128982597779,4.1759152581172865,1.0
-3.8226052614952026,-3.323495783910008,14.612310985210806,11.045624225667598,12.704412470131519,1.0
1.1529434805645578,-4.79586115425546,1.3292786693763168,23.000284210896517,-5.529356851491648,1.0
-2.768137608345434,4.225510642821952,7.662585818736378,17.854940192601585,-11.696794924859335,1.0
-3.9721594014413637,-2.946694976269814,15.778050310459014,8.683011283173759,11.704742153170177,1.0
-0.6809570617931101,-4.985539368951885,0.46370252000590556,24.855602799369162,3.3949382401353523,1.0
0.4595605377317726,-5.017630867884705,0.21119588784031595,25.17661952634942,-2.305905139784636,1.0
-3.3429454453270986,-3.6671529285587336,11.175284250433194,13.448010601436897,12.25909217984335,1.0
-3.9998954417383032,-2.952201687869601,15.999163544838856,8.715494805860121,11.808498074401742,1.0
-0.5912688168536001,-5.020641841322046,0.3495988137834561,25.206844498833625,2.9685489613641667,1.0
-1.479534513732196,-4.781122139831179,2.1890223773247657,22.859128915983877,7.073835220249361,1.0
4.41999430753897,-2.2319386865692787,19.536349678676903,4.981550300604597,-9.865156289412218,1.0
4.9360205587379635,1.0953915877808211,24.364298956283836,1.1998827305809883,5.406875397154754,1.0
-4.325696023045514,-2.3943025301358913,18.711646083791774,5.732684605815131,10.357024932576637,1.0
-0.5975846770556086,4.949692888197659,0.357107446251656,24.499459687474484,-2.9578606261180407,1.0
-4.321642933226095,2.6002299602079866,18.676597642303047,6.761195845963227,-11.237265432295617,1.0
-4.55893888044807,2.0010952335731984,20.783923715661107,4.004382133829374,-9.122870863816168,1.0
-2.7565158103676355,4.135047549817841,7.598379412806742,17.09861823925453,-11.398323947694832,1.0
4.76258661887276,1.660708822333835,22.68223130226587,2.7579537925774336,7.909269615091063,1.0
-4.998422274381058,0.45337940197684856,24.98422523302871,0.20555288213688483,-2.2661817015866434,1.0
-1.3155458872889472,-4.909606917142436,1.7306609815628633,24.104240080852854,6.4588131880520985,1.0
-0.020176918669389393,-5.0216423552650244,0.00040710804699115423,25.216891944191662,0.1013212693889434,1.0
4.326525559711748,2.7364278861155498,18.718823418839058,7.488037575910816,11.839225191586914,1.0
-3.5069238481813514,-3.468710428822408,12.298514876943099,12.031952039021334,12.164503325272664,1.0
-1.9974306745595938,-4.509817547440004,3.989729299671594,20.338454311197776,9.008047905923782,1.0
-1.5009278078147124,-4.737076875863213,2.252784284271478,22.43989732783798,7.110010410739139,1.0
4.778660076123372,1.7790020340581552,22.83559212313543,3.1648482371830533,8.501245995495978,1.0
0.647235065665084,4.936047478854598,0.41891323022648563,24.364564713506834,3.1947830141024283,1.0
4.995103059353048,0.4420716703126668,24.95105457355818,0.19542736169303118,2.208193552832114,1.0
-3.0087506846081657,3.9356628458695564,9.052580682130106,15.489442036358055,-11.841428281896949,1.0
4.714912921825028,-1.6472302843915083,22.23040386039262,2.7133676098165296,-7.766547353099038,1.0
-4.911067996604234,1.0982141353032322,24.118588867270322,1.206074286979826,-5.393404293306095,1.0
0.7738890893853467,5.0045651290749325,0.5989043226696812,25.045672131152795,3.8729783505094595,1.0
-3.574258306514775,3.5267364170605005,12.775322441689866,12.437869755420737,-12.60546693356665,1.0
4.875837100251798,-0.9186422180620654,23.77378742819186,0.8439035248059913,-4.47914980868462,1.0
-2.1674692456666196,4.522214406397135,4.697922930910625,20.450423137425787,-9.801760648176318,1.0
4.773945051025091,-1.3853836916211255,22.79055135020696,1.9192879730097778,-6.613745618385543,1.0
1.9564567925614345,-4.647355587540865,3.827723181159776,21.597913957047297,-9.092350406692661,1.0
1.312339888488891,-4.798337211868228,1.722235982919035,23.02403999879936,-6.297049321555247,1.0
-4.975873624602286,1.1186390666600377,24.759318328012693,1.25135336145804,-5.5662066272434005,1.0
0.06863757434751547,-5.074670301392348,0.004711116612310713,25.7522786678335,-0.348313060100946,1.0
-1.4415266846327057,-4.821892363290821,2.0779991825081603,23.250645963162334,6.950886512110379,1.0
-2.6247879196852972,4.231567120916471,6.889511623325871,17.90616029882131,-11.106966260319046,1.0
-5.081432844799267,0.0696461539029184,25.820959756204775,0.004850586753468995,-0.3539022539562342,1.0
4.1261412069353165,-2.8683438518081656,17.02504125956963,8.227396452205705,-11.83519176260524,1.0
-3.6796795206856605,3.403388787971874,13.540041374953452,11.583055242092662,-12.523380024031297,1.0
-4.749311257881114,1.5832790328421062,22.555957424236293,2.5067724958374353,-7.5194849350441375,1.0
-4.922416573037432,1.2783485578927025,24.230184918513576,1.6341750354663522,-6.292564127489539,1.0
1.7711162566404537,4.736988335365571,3.1368527945360936,22.439058489389485,8.389757048282164,1.0
-4.995809457340336,0.42724109999502197,24.95811213405114,0.18253495752495635,-2.1344151279196186,1.0
-4.526007703326548,1.870650311600577,20.484745730571255,3.499332588291336,-8.466577720534419,1.0
-4.098285997075907,-2.988187851182031,16.79594811382846,8.929266633951883,12.246448427131662,1.0
-1.3595691871586197,-4.806573256108854,1.84842837467115,23.103146466340874,6.534868894826276,1.0
4.615345928324392,-1.8946665668248435,21.301418038100543,3.589761399443839,-8.744541624727397,1.0
-2.323892302721058,4.413518194898315,5.4004754346461805,19.47914285669848,-10.256540961043532,1.0
-3.0628279891186234,-3.9087946004786094,9.38091529092843,15.278675228730732,11.971965506061633,1.0
0.7746917338499453,-4.9746840993799815,0.6001472824954345,24.747481888624016,-3.8538466503044315,1.0
-3.600400396866422,-3.5204048719504146,12.962883017755889,12.393250462452215,12.674867098100759,1.0
4.82266238753067,-1.2569794710555853,23.258072504103023,1.579997390655179,-6.061987616957968,1.0
-4.657141817559911,1.6608225789871696,21.68896990886523,2.7583316388735932,-7.734686284148845,1.0
0.1007410673691208,5.021536093322099,0.010148762654669734,25.215824736536565,0.5058749058738332,1.0
4.456355735529429,2.201752714189278,19.859106441586036,4.847715014439852,9.811793336094876,1.0
0.23966704863909807,4.898349027703128,0.057440294203375805,23.993823197200182,1.1739728546738044,1.0
-3.191198571619681,-3.910034296966897,10.183748323507492,15.288368203457415,12.477695863464724,1.0
4.6769028007410025,-1.7452906362282619,21.873419807579033,3.046039404906051,-8.162554664683004,1.0
-4.148584024157419,-2.786439295703304,17.210749405494163,7.764243948639526,11.559777546439177,1.0
0.24883210578814804,4.991742835451426,0.0619174168709641,24.91749653528064,1.2421058812982793,1.0
0.8842827848569713,5.024261908710802,0.7819560435944006,25.24320772732231,4.44286831248559,1.0
-1.909139209304595,-4.5848427337139634,3.644812520504174,21.02078289288973,8.753103031428594,1.0
-4.273923787398742,2.5741704735126674,18.266424540492803,6.6263536267044305,-11.001808419565272,1.0
-0.954280177911145,-4.9054562844107465,0.9106506579541265,24.063501358264887,4.6811796958228316,1.0
3.465696241324921,-3.485347312507245,12.011050437133683,12.147645888801476,-12.079155080668272,1.0
4.6336773821195365,1.926956727440185,21.47096608156616,3.7131622294269877,8.928895804262666,1.0
-2.701191594993526,-4.078428504931858,7.29643603286367,16.63357906984071,11.016616798303946,1.0
-0.5046681463057049,5.041012340448484,0.2546899378956364,25.4118054165539,-2.5440383533583195,1.0
-3.2774267711736247,-3.7093229874740263,10.741526240405571,13.759077025403236,12.157034462077101,1.0
-4.190916375445789,-2.7989073471330315,17.563780065979667,7.833882337835264,11.729986634455353,1.0
0.6054759546664963,-5.007534357521974,0.3666011316793051,25.075400341763014,-3.0319416456458974,1.0
-4.806051554364304,-1.4351194357340518,23.09813154320754,2.059567794821623,6.897257994808062,1.0
-3.722597388373824,-3.3167960493808906,13.857731315927616,11.001136033188683,12.347096311193921,1.0
0.5639613391956368,4.881624082420099,0.31805239210733616,23.83025368206387,2.7530472549713108,1.0
-4.297411087751782,2.640853715540315,18.467742057131957,6.974108346883086,-11.34883403829344,1.0
2.9111578723566267,4.135166887567932,8.474840157783962,17.099605188038257,12.038123638251834,1.0
-2.7250430962079957,-4.051484624923098,7.425859876190859,16.414527665988253,11.040470206539528,1.0
4.334590955049081,2.3404543017994524,18.788678747593305,5.477726338811562,10.144912047285619,1.0
-1.2878479630204935,-4.792752644060567,1.6585523758560345,22.970477907149554,6.172336729914486,1.0
-4.975839746850115,0.3441954867389847,24.758981186333415,0.1184705330914866,-1.7126615836022616,1.0
-1.6352819383662676,-4.769507934483834,2.6741470179469373,22.748205937104252,7.799490180156018,1.0
4.88730898063205,0.7913186901483935,23.88578907216669,0.6261852693781692,3.8674189409042343,1.0
-2.2386651700726095,4.5375151431586325,5.011621743696225,20.589043674393906,-10.15797710966626,1.0
5.022245244449666,-0.9450791875489066,25.222947295397283,0.8931746707381014,-4.74641945529585,1.0
-4.9094201747228,0.10610017025814908,24.102406451975245,0.011257246128808223,-0.520890316406881,1.0
-4.880835485993256,-1.1044382096739755,23.82255504133102,1.2197837589878564,5.3905812058636,1.0
0.009954701566999152,-4.914461528806428,9.909608328801537e-05,24.151932118118417,-0.0489219978817664,1.0
0.7541520378271951,4.965299292916272,0.5687452961589111,24.654197068234826,3.7445905801747372,1.0
-1.860703702612042,-4.633262211921893,3.462218268914163,21.46711872442335,8.621128152895526,1.0
4.125569093083091,2.9072093788421616,17.02032034180244,8.451866372427826,11.993893160472513,1.0
-1.1891353185973201,-4.9934131345973,1.41404280593555,24.93417473276883,5.9378439186974035,1.0
4.877319217544254,1.1067969358662497,23.78824274982649,1.2249994572429193,5.398201965219554,1.0
4.723223495911152,-1.8442194192833001,22.308840192327164,3.401145266461633,-8.710660492774503,1.0
4.441902360751962,-2.308398651438845,19.730496582453856,5.328704333964678,-10.253681419382852,1.0
2.1983664688683002,4.5340140114486385,4.832815131444479,20.557283056012576,9.96742437214774,1.0
1.9840025695129087,-4.524027880383578,3.936266195833824,20.46682826248793,-8.975682939229056,1.0
4.907016283803473,-1.085197138087334,24.078808809512445,1.1776528285129402,-5.325080027731474,1.0
2.8532508471934275,4.077979840771086,8.141040397010011,16.62991958173537,11.635499435517819,1.0
-0.5255694127699544,4.883058508402711,0.2762232076393547,23.84426039648411,-2.5663861927825424,1.0
5.010629514324531,-0.6705478605603966,25.10640812982009,0.4496344333021251,-3.3598669008910935,1.0
-4.982983183512456,0.05832876343530585,24.83012140716793,0.003402244643891873,-0.2906512473132053,1.0
1.7042848670663289,-4.703681757538063,2.9045869081112943,22.12462207619636,-8.016413638868073,1.0
-4.686407330276497,1.835318210840413,21.96241366526928,3.368392935042454,-8.601048716672457,1.0
-2.527203278196532,4.364599871236224,6.386756409327298,19.049732035995262,-11.030231102604347,1.0
2.8906353172089707,-4.136389420700989,8.355772537095806,17.109717439687063,-11.956793345207833,1.0
0.9258934431694366,-4.949647804058168,0.8572786681041547,24.499013384217847,-4.582846447775458,1.0
-3.9231456225078745,-3.0360431978517908,15.391071575402698,9.217558299222128,11.910839581397061,1.0
-5.060479752984673,0.2941453969016174,25.608455330367814,0.08652151451841003,-1.4885168254542753,1.0
-4.7781274401531455,1.0782626031185094,22.83050183434445,1.1626502412839042,-5.15207613165151,1.0
-2.197312752906415,4.502683079799397,4.8281833340851685,20.27415491711178,-9.893802953539147,1.0
-4.960851193484753,-0.8331951650397257,24.610044563899095,0.6942141830455757,4.133357228893049,1.0
3.341970723816242,3.6987900673885252,11.168768318844856,13.681047962612011,12.361248118754755,1.0
2.225443090387213,-4.414813718405268,4.9525969485521895,19.490580168219353,-9.824916684971685,1.0
-3.8696980011341866,-3.116171581850911,14.974562619981919,9.710525327535208,12.058642941479627,1.0
0.43254311316147914,4.9449865142536815,0.18709354474342416,24.452891626150777,2.1389198614168183,1.0
4.9936123517360045,0.5828815623932282,24.936164319410388,0.3397509157779708,2.910684569566005,1.0
-4.872417853200177,0.5506595624259955,23.74045573618382,0.30322595369118877,-2.6830434829998175,1.0
-3.8259052236904876,-3.0830276087750357,14.63755078066216,9.505059236469114,11.795371433194402,1.0
-3.1361127091048924,-3.932774260678871,9.835202924209227,15.466713385458242,12.333623340955604,1.0
-5.0007711919155495,0.3328214118651838,25.007712513892464,0.11077009219593432,-1.6643637285080712,1.0
-1.5462826053239256,-4.777260010208534,2.390989895527347,22.82221320513764,7.386994054895054,1.0
4.025587428682821,3.0808821510601745,16.205354145969164,9.491834828721167,12.402360456561125,1.0
-0.09473856420466983,-4.99516177965113,0.008975395547562348,24.951641204887444,0.4732344549741914,1.0
4.477162966504968,2.1609718274768355,20.044988228643568,4.669799239148574,9.675023037639852,1.0
-4.766017600423764,1.3372717526958657,22.71492376754909,1.7882957405582727,-6.373460709898031,1.0
4.915238932967001,-1.0007287142623522,24.159573768154583,1.0014579595491806,-4.918820737680323,1.0
-1.0937471058160788,-4.87700699485712,1.1962827314810487,23.785197227885277,5.334212285669747,1.0
-1.8780589797180718,-4.600073974652447,3.527105531299685,21.16068057227476,8.63921023546343,1.0
-3.637160574851812,3.4398697531137747,13.228937047256364,11.832703918387022,-12.511358648650658,1.0
-2.450552092088439,4.300457989459225,6.005205556039026,18.493938919103684,-10.538496323007747,1.0
0.47779317425177714,4.924919984525706,0.22828631736158908,24.254836853980684,2.3530931523425505,1.0
1.2820342095461845,4.920827220161728,1.6436117144467102,24.214540530684598,6.308668835513389,1.0
4.2327045985897165,-2.7214509634353328,17.915788218922533,7.406295346383101,-11.519098007769147,1.0
-2.0479036993138395,4.644313068112605,4.193909561663309,21.569643874641518,-9.511105912959412,1.0
-4.922445730511746,-0.7743507409312786,24.230471969833317,0.5996190699808203,3.8116994986157797,1.0
4.980982802777064,0.24603434975152375,24.81018968156086,0.06053290125765511,1.2254928650047774,1.0
4.9590641387936385,0.4791067573990193,24.59231713266909,0.22954328498540275,2.3759211392711803,1.0
-4.800663177784331,1.4536436114759808,23.046366946534356,2.1130797491849322,-6.978453359234174,1.0
-0.20085214679049776,4.931481448549193,0.04034158487035166,24.31950927738485,-0.9904986357986191,1.0
4.613615047335949,-2.0036436726891242,21.28544380500469,4.014587967107162,-9.244040597818008,1.0
-4.31477490109988,-2.4336874863737297,18.61728244716148,5.9228347813320825,10.500813683326225,1.0
-2.8721923236077487,4.023880796308361,8.249488743791279,16.191616662899207,-11.557359534269509,1.0
4.276560583113966,2.5423688311689587,18.288970421044063,6.4636392736994175,10.872594331114694,1.0
1.354642607005447,-4.814531211468444,1.8350565927145137,23.179710786203806,-6.521969111812706,1.0
2.894683415028802,-3.9969917246981557,8.379192073242809,15.975942847305538,-11.570025655491118,1.0
4.085324137750137,2.9655974247590935,16.689873310483897,8.794768085737767,12.11542674221797,1.0
1.780412459467698,4.60121856342297,3.1698685258278174,21.17121226838814,8.192066859052318,1.0
4.621312143258111,-1.779854828326391,21.356525925424872,3.167883209916767,-8.225264731381332,1.0
4.912332213652618,0.3734745093074969,24.131007777289234,0.1394832091024756,1.8346308630493218,1.0
-3.5883148998896424,3.427945967667863,12.876003820770014,11.750813557250362,-12.30054959179921,1.0
4.302850821626769,-2.5353344514067,18.51452519317416,6.427920780489713,-10.909165927333973,1.0
2.6022598651359083,-4.284597068601541,6.771756405697156,18.35777204026892,-11.149634989900754,1.0
-4.863495121159751,1.0917060007513149,23.653584793544702,1.19182199207643,-5.309506808394843,1.0
4.223295628587817,2.67835692910463,17.83622596644896,7.173595839682784,11.311493110485474,1.0
-1.8098025603847168,4.6207102915838405,3.2753853075750765,21.35096359874882,-8.362573316504445,1.0
-2.6336663018607744,-4.191393864886045,6.9361981895570075,17.56778253060438,11.03873277977637,1.0
-1.8933187729975307,-4.616439572479816,3.5846559761848753,21.311514326357628,8.740391706984731,1.0
-3.2473001679669884,3.7681861470937523,10.54495838087843,14.199226839149258,-12.23643150838842,1.0
2.319451734108975,4.476830284303611,5.37985634686113,20.042009394457953,10.383791766239586,1.0
2.351593843108548,-4.352135362442503,5.529993602946031,18.94108221302254,-10.23445472269478,1.0
-4.811214546842129,1.2858409412893015,23.147785415745307,1.6533869262957568,-6.186456641656263,1.0
4.791711366984262,1.0835018719779979,22.960497824486183,1.1739763065798257,5.191828236105699,1.0
-3.7376683442329166,3.318705124185769,13.970164651480832,11.01380370129688,-12.404219086512718,1.0
-2.8055054747938626,4.167307208084239,7.870860969098336,17.366449366550853,-11.691403187428259,1.0
-2.656123261953502,4.189451788535343,7.054990782690512,17.551506288461983,-11.127700350361428,1.0
2.254360759632826,-4.48453908840085,5.082142434572293,20.111090835395128,-10.109768945930442,1.0
4.322213687187708,-2.53611042030011,18.681531157712765,6.431856063954801,-10.961611170840508,1.0
-2.132970332651578,4.506180717488777,4.549562439971783,20.305664658667673,-9.611549783970164,1.0
-1.0472008208327974,4.821991471646727,1.0966295591528847,23.251601752633764,-5.049593427157201,1.0
-4.611585909604867,1.807733672584501,21.266724601666148,3.267901030995848,-8.336519132808943,1.0
-2.865205703206686,-4.091174811898412,8.20940372168812,16.737711341512007,11.722057403866872,1.0
0.1557650907764098,-5.029119783962061,0.024262763504583184,25.292045801438608,-0.7833612996742889,1.0
-4.788791024151407,1.2255733693221063,22.932519472993082,1.5020300835915399,-5.8690147504487,1.0
4.629601924696901,1.835533846200176,21.43321398115725,3.3691845005464116,8.49779102721464,1.0
-1.7658308124013746,-4.6293808869276365,3.1181584580260986,21.43116739625091,8.174703412478825,1.0
-3.9556723193695666,-3.0055389488240567,15.647343498226608,9.033264372898415,11.888927224650425,1.0
-0.13495400092262372,4.98405946304572,0.018212582365023523,24.840848731175594,-0.6726187653742836,1.0
-4.289687606767093,2.64278242008809,18.40141976365119,6.984298919926662,-11.336710994833826,1.0
5.01149820984476,0.21454575186590738,25.11511430727723,0.0460298796437075,1.0751956514057928,1.0
-1.6271075293045103,4.703548338600135,2.647478911919428,22.12336697354809,-7.653178916184,1.0
4.946972274597221,-0.8462534207648614,24.472534685633605,0.7161448521562296,-4.186392209806826,1.0
-0.05119402177628776,-4.896777860558677,0.0026208278656310257,23.978433415657612,0.2506857524270847,1.0
3.0084679981935456,-4.062459571327368,9.050879696154679,16.503577768669345,-12.221779614293457,1.0
-4.899489306020179,0.502900323842143,24.004995459806096,0.2529087357205323,-2.4639547586586645,1.0
-4.031229700858242,-2.957362446958234,16.250812901081634,8.745992642678793,11.92180733238084,1.0
-3.531397472553333,3.588341085083587,12.470768109156069,12.876191742898856,-12.671858638523464,1.0
-4.78646219300355,-1.6414377882813922,22.910220325052354,2.6943180127981083,7.85667991577625,1.0
4.907631659145295,0.8894415094901711,24.0848485018452,0.7911061988041541,4.365051310931944,1.0
0.08125512485606101,-5.000843086870725,0.006602395315374064,25.008431579502727,-0.40634412940925035,1.0
-4.975853689129212,-0.5621378200584243,24.75911993562079,0.3159989287400374,2.7971155457367636,1.0
-3.4349385600642197,3.6764194769850502,11.798802911416056,13.516060170755031,-12.62827502446708,1.0
2.0277746460822295,-4.630136314403819,4.111870015293911,21.438162289960978,-9.388873026252682,1.0
0.16479567181728225,5.038647933162376,0.027157613449709395,25.387972994361483,0.8303473711962543,1.0
2.0130611979571436,-4.605263897932883,4.05241538672065,21.208455569603966,-9.270678059281552,1.0
-1.227897529817656,-4.864967646161436,1.5077323437323014,23.667910198197546,5.973681755364444,1.0
3.0866990300689814,-3.9335544495358077,9.52771090222879,15.47285060746295,-12.141698704105703,1.0
2.8669592776143014,-4.061081138018603,8.219455499498716,16.492380009570475,-11.64295424578688,1.0
2.1108636480296874,-4.491957294614246,4.4557453405732,20.177680336638137,-9.481909361702993,1.0
4.598419923694872,1.8678733463437096,21.145465794633957,3.488950837981248,8.589266010765527,1.0
4.576546272836986,-2.0727139322311476,20.944775787418113,4.296143044865106,-9.485871221209752,1.0
4.932922499108791,-0.5410965707852395,24.333724382213724,0.2927854989155457,-2.6691874482171207,1.0
1.5046439590559944,4.7886833498367025,2.2639534435236968,22.931488225003264,7.205263474163817,1.0
3.0683934717454537,-3.9229572436038054,9.41503849745012,15.389593535143566,-12.037176396210455,1.0
-4.672806541525319,-1.739008513369842,21.835120974521814,3.0241506095727884,8.12605035704282,1.0
-5.010710658060901,-0.3879250406497649,25.10722129880511,0.15048583716312175,1.9437801357124853,1.0
1.9314868922672503,4.646565588945932,3.730641615000201,21.590571772376453,8.974780529109124,1.0
-4.920482645891689,0.8726166124564648,24.211149468521278,0.7614597523349961,-4.2936948981088285,1.0
-5.000940034584827,0.5979969083302322,25.009401229513294,0.35760030237251617,-2.9905466794266116,1.0
-4.122908546221167,2.8434828103460172,16.998374880503533,8.085394492733284,-11.723419579808576,1.0
-4.980795507321366,-0.0977424619401554,24.808323885752703,0.009553588866122727,0.4868352153060556,1.0
4.519116296936365,-1.9140519688875788,20.422412105235843,3.663594939602417,-8.649823445782992,1.0
-4.2325136869295,-2.6639043669086506,17.91417211004555,7.096386476034978,11.275011693612129,1.0
2.048252597030156,4.660158132102423,4.19533870124078,21.717073816200347,9.54518099664999,1.0
0.08648558280987058,4.978592710877672,0.0074797560339629815,24.78638538080429,0.43057649217322896,1.0
-4.337210631885944,-2.4479454845437565,18.81139606534447,5.9924370952981665,10.61725518184037,1.0
-4.934737815491442,-1.107579459553844,24.351637307641244,1.2267322592255852,5.465614242721927,1.0
1.8728575368193638,4.592872825550614,3.507595353221095,21.094480791681285,8.601796486985316,1.0
-2.2406724246773524,-4.498557437608967,5.020612914709486,20.237019019466953,10.07979360127762,1.0
-2.7407967465637295,4.2268261157365155,7.511966805974325,17.86605901267224,-11.584871266301247,1.0
-4.921542193417782,0.33920101589044194,24.221577561591513,0.11505732918110784,-1.6693921117549855,1.0
5.054499232425503,-0.5706691019182262,25.547962490589995,0.3256632238841548,-2.8844465376146253,1.0
-0.6527542194773052,4.9927462000089236,0.4260880710454259,24.927514617703547,-3.259036148835106,1.0
-3.186108049612471,4.008375360407037,10.151284503805384,16.06707302991824,-12.77111700166115,1.0
2.109202291258198,-4.484959336200528,4.4487343054488315,20.114860247372278,-9.459686508113998,1.0
1.1595464811667764,4.871510308121638,1.3445480419862532,23.731612682135378,5.648742635750124,1.0
-3.6117489398637836,-3.502228051599806,13.044730404607165,12.265601325412572,12.649168452526803,1.0
4.289795979411622,2.6815771391534926,18.402349544976115,7.1908559532306295,11.503418830022772,1.0
1.9521315425915435,4.620067454060838,3.8108175595808396,21.345023280072198,9.01897940597277,1.0
-5.047972455066836,-0.40810498160040626,25.482025907113503,0.16654967600706794,2.060102705894409,1.0
0.6374565821777327,4.981944503020992,0.4063508941617165,24.819771031181084,3.175773315494905,1.0
4.323462719989463,-2.6388181011963336,18.692329891138684,6.963360971201424,-11.40883168535573,1.0
-2.9462886356670883,-4.03777309272537,8.680616724661032,16.303611548337,11.89644497649911,1.0
1.5671148872939957,4.754523251659663,2.455849069978473,22.605491350572372,7.450884169661315,1.0
-1.8642996664205438,-4.609452437702445,3.475613246215751,21.24705177544101,8.59340064199003,1.0
1.4314400127061233,-4.820924229229905,2.0490205099761063,23.241310423975953,-6.900863839944113,1.0
4.291086586441134,-2.4921999875364946,18.413424092335024,6.211060777876904,-10.694245937246613,1.0
-2.372919266798547,-4.429013805708921,5.630745846743753,19.616163291160223,10.509692192483454,1.0
3.2826067604463876,-3.6940595376904213,10.775507143728326,13.646075868001569,-12.126144811914035,1.0
-4.9983474264947105,0.10111824513276639,24.983476995946297,0.010224899498730233,-0.5054241203310241,1.0
-4.9300183314127,0.8741406564393581,24.305080748065265,0.7641218872402319,-4.309529460479167,1.0
-4.340895468564861,2.2382048916354,18.84337346900695,5.009561136940632,-9.715813471819814,1.0
-1.8878888957361932,-4.5564708521094,3.564124482644023,20.76142662612256,8.602110725442966,1.0
-1.3768175279567414,4.7908901567950615,1.8956265052889123,22.95262849447581,-6.596181542390862,1.0
2.3414330994094215,-4.3597147369801394,5.48230895901001,19.007112587841807,-10.20798038914834,1.0
-3.116038228048598,3.9614235623347573,9.709694238660246,15.692876640221,-12.343947257727562,1.0
-3.1560937111217053,-3.7212436143766823,9.960927513381979,13.847654037539234,11.744593568886051,1.0
4.973330326254392,-0.6199246369437624,24.73401453404162,0.38430655548985565,-3.0830899969046577,1.0
-2.168164116953845,-4.447124471398787,4.7009356380462455,19.77691606411394,9.642095702514185,1.0
1.8875329254537114,4.702852601952187,3.5627805446718464,22.116822595688454,8.87678912974041,1.0
4.20403298057115,-2.587060519909873,17.67389330172995,6.692882133676343,-10.876087748434653,1.0
3.75017186123765,3.313253818792376,14.06378898881866,10.977650867742264,12.425271240373357,1.0
-4.919943743590962,0.12501625222421922,24.20584644009985,0.015629063320189596,-0.615072927977737,1.0
4.563961865968658,-1.8427471087320593,20.82974791401611,3.395716906740364,-8.410227532877117,1.0
1.1899625358285504,-4.9023388613010574,1.416010836675514,24.03292631102255,-5.833599582884655,1.0
3.121228101857007,3.8271884300277255,9.742064863821897,14.647371278938087,11.945528078904537,1.0
4.6946512563646765,1.848683774411607,22.039750418886435,3.417631697772745,8.678925604162442,1.0
-4.9345743328868386,-0.9275565542971176,24.35002384678559,0.8603611614195417,4.577096765135513,1.0
-5.002142286667868,0.9180403975225321,25.02142745607085,0.8427981714833287,-4.592168693316838,1.0
